countryname,Year,infant_mortality,us_length,Autocracy,Democracy,adult_literacy,imports,exports
Afghanistan,1987,135.7,1,-66,-66,NA,NA,NA
Afghanistan,1988,131.3,2,-66,-66,NA,NA,NA
Afghanistan,1989,126.8,3,8,0,NA,NA,NA
Afghanistan,1990,122.5,4,8,0,NA,NA,NA
Afghanistan,1991,118.3,5,8,0,NA,NA,NA
Afghanistan,1992,114.4,6,-77,-77,NA,NA,NA
Afghanistan,1993,110.9,7,-77,-77,NA,NA,NA
Afghanistan,1994,107.7,8,-77,-77,NA,NA,NA
Afghanistan,1995,105,9,-77,-77,NA,NA,NA
Afghanistan,1996,102.7,10,7,0,NA,NA,NA
Afghanistan,1997,100.7,11,7,0,NA,NA,NA
Afghanistan,1998,98.9,12,7,0,NA,NA,NA
Afghanistan,1999,97.2,13,7,0,NA,NA,NA
Afghanistan,2000,95.4,14,7,0,NA,NA,NA
Afghanistan,2001,93.4,15,-66,-66,NA,NA,NA
Afghanistan,2002,91.2,16,-66,-66,NA,NA,NA
Afghanistan,2003,89,16,-66,-66,NA,NA,NA
Afghanistan,2004,86.7,16,-66,-66,NA,NA,NA
Afghanistan,2005,84.4,16,-66,-66,NA,NA,NA
Afghanistan,2006,82.3,16,-66,-66,NA,NA,NA
Afghanistan,2007,80.4,16,-66,-66,NA,NA,NA
Afghanistan,2008,78.6,16,-66,-66,NA,NA,NA
Afghanistan,2009,76.8,16,-66,-66,NA,4067099313.62424,2110577455.85643
Afghanistan,2010,75.1,16,-66,-66,NA,5771312262.28347,2566011311.7345
Afghanistan,2011,73.4,16,-66,-66,31.4488506317139,7207299510.35062,3057796258.22522
Afghanistan,2012,71.7,16,-66,-66,NA,9817510132.90826,2339889153.51599
Afghanistan,2013,69.9,16,-66,-66,NA,10054634817.5823,1383202846.60124
Afghanistan,2014,68.1,16,2,1,NA,8246634993.00315,1985367815.21959
Afghanistan,2015,66.3,16,2,1,NA,8461684707.36777,1417300546.13462
Andorra,2001,3.7,1,NA,NA,NA,NA,NA
Andorra,2002,3.5,2,NA,NA,NA,NA,NA
Andorra,2003,3.3,3,NA,NA,NA,NA,NA
Andorra,2004,3.2,4,NA,NA,NA,NA,NA
Andorra,2005,3.1,5,NA,NA,NA,NA,NA
Andorra,2006,2.9,6,NA,NA,NA,NA,NA
Andorra,2007,2.8,7,NA,NA,NA,NA,NA
Andorra,2008,2.7,8,NA,NA,NA,NA,NA
Andorra,2009,2.6,9,NA,NA,NA,NA,NA
Andorra,2010,2.5,9,NA,NA,NA,NA,NA
Andorra,2011,2.4,9,NA,NA,NA,NA,NA
Andorra,2012,2.3,9,NA,NA,NA,NA,NA
Andorra,2013,2.2,9,NA,NA,NA,NA,NA
Andorra,2014,2.1,9,NA,NA,NA,NA,NA
Andorra,2015,2.1,9,NA,NA,NA,NA,NA
Austria,2000,4.6,1,NA,NA,NA,82683895338.1242,85305371291.6897
Austria,2001,4.5,2,NA,NA,NA,84695659955.2573,88047337807.6063
Austria,2002,4.4,3,NA,NA,NA,88826566911.3495,96701496329.7572
Austria,2003,4.3,4,NA,NA,NA,109433239277.652,116638893905.192
Austria,2004,4.1,5,NA,NA,NA,132172572634.716,141025428358.58
Austria,2005,4,6,NA,NA,NA,143496791443.85,153625979355.802
Austria,2006,4,7,NA,NA,NA,158748036632.794,170827273867.771
Austria,2007,3.8,8,NA,NA,NA,187241938133.041,204299603065.973
Austria,2008,3.8,9,NA,NA,NA,210090420389.629,229126805331.771
Austria,2009,3.7,10,NA,NA,NA,167491372603.501,180907557654.904
Austria,2010,3.6,10,NA,NA,NA,187158711051.024,200892688044.939
Austria,2011,3.4,10,NA,NA,NA,220535791188.085,232583677064.385
Austria,2012,3.3,10,NA,NA,NA,209537698503.437,220981850149.848
Austria,2013,3.2,10,NA,NA,NA,217722805420.505,229834282276.735
Austria,2014,3,10,NA,NA,NA,221515007769.412,235966614250.844
Austria,2015,2.9,10,NA,NA,NA,188382123647.74,202703358781.359
Azerbaijan,1992,76,1,2,3,NA,2725096546.55896,4302724069.23816
Azerbaijan,1993,76.2,2,4,1,NA,3019037459.25035,2281805933.31096
Azerbaijan,1994,76.1,3,4,1,NA,1015000340.34885,819242649.705302
Azerbaijan,1995,75.2,4,6,0,NA,1630233381.04914,991644243.368955
Azerbaijan,1996,73.6,5,6,0,NA,1776447337.82841,791908858.405022
Azerbaijan,1997,71.2,6,6,0,NA,2102007528.23087,1150564617.31493
Azerbaijan,1998,68.1,7,7,0,NA,2424529283.64673,1009305138.60034
Azerbaijan,1999,64.5,8,7,0,98.7918014526367,1917519517.81886,1281380203.06622
Azerbaijan,2000,60.6,9,7,0,NA,2023511150.01356,2118054168.34413
Azerbaijan,2001,56.8,10,7,0,NA,2129925910.01825,2368624503.38237
Azerbaijan,2002,53.1,11,7,0,NA,3121065624.35713,2666940958.65048
Azerbaijan,2003,49.7,11,7,0,NA,4769089798.41173,3056403991.04052
Azerbaijan,2004,46.7,11,7,0,NA,6312201078.66083,4235066653.09861
Azerbaijan,2005,44,11,7,0,NA,7007086947.32388,8337000211.55067
Azerbaijan,2006,41.5,11,7,0,NA,8132639355.27199,13954555630.1769
Azerbaijan,2007,39.3,11,7,0,99.5931930541992,9423610301.82962,22516839529.1924
Azerbaijan,2008,37.3,11,7,0,NA,11464094449.8539,32133276533.593
Azerbaijan,2009,35.5,11,7,0,99.7598419189453,10235008708.634,22870241353.5705
Azerbaijan,2010,33.9,11,7,0,99.7711410522461,10940949296.1256,28728665753.0833
Azerbaijan,2011,32.5,11,7,0,99.7786331176758,15881853868.5577,37214511839.9392
Azerbaijan,2012,31.2,11,7,0,99.7757720947266,17621945010.1833,36914842158.8595
Azerbaijan,2013,30,11,7,0,99.7893600463867,19475589547.4825,35907329509.2416
Azerbaijan,2014,28.9,11,7,0,99.7889862060547,19721280122.4021,32560882315.4405
Azerbaijan,2015,27.9,11,7,0,99.7880630493164,18473453054.8507,20059340230.3338
Barbados,2002,15.3,1,NA,NA,NA,1381950000,1211100000
Barbados,2003,15.3,2,NA,NA,NA,1512750000,1378750000
Barbados,2004,15.3,3,NA,NA,99.5999984741211,1734650000,1435900000
Barbados,2005,15.1,4,NA,NA,NA,2016750000,1711700000
Barbados,2006,14.9,5,NA,NA,NA,2294406000,2026229150
Barbados,2007,14.5,6,NA,NA,NA,2368287800,2273854150
Barbados,2008,14.2,7,NA,NA,NA,2568563450,2327059750
Barbados,2009,13.9,8,NA,NA,NA,2045378300,1946091200
Barbados,2010,13.6,8,NA,NA,NA,2240070050,2104601250
Barbados,2011,13.3,8,NA,NA,NA,2282372050,2071175100
Barbados,2012,13,8,NA,NA,NA,2173750450,1964175800
Barbados,2013,12.7,8,NA,NA,NA,2146912650,1963432350
Barbados,2014,12.3,8,NA,NA,99.5999984741211,2114664750,1893703900
Barbados,2015,12,8,NA,NA,NA,2031609600,1954045850
Belize,1997,23.3,1,NA,NA,NA,364499950,345342500
Belize,1998,22.5,1,NA,NA,NA,392227550,362282350
Belize,1999,21.8,1,NA,NA,NA,493526400,398031450
Belize,2000,21.1,1,NA,NA,76.9029769897461,613013050,440767300
Belize,2001,20.5,2,NA,NA,NA,602427450,443480250
Belize,2002,19.9,3,NA,NA,NA,616695950,490171700
Belize,2003,19.4,4,NA,NA,NA,653017500,526733350
Belize,2004,18.9,4,NA,NA,NA,618982100,534853450
Belize,2005,18.5,4,NA,NA,NA,698550150,609026800
Belize,2006,18,4,NA,NA,NA,750575100,744269450
Belize,2007,17.6,4,NA,NA,NA,790029600,788432250
Belize,2008,17.2,4,NA,NA,NA,953288000,853628650
Belize,2009,16.7,4,NA,NA,NA,751680250,690190900
Belize,2010,16.3,4,NA,NA,NA,807676850,813293700
Belize,2011,15.9,4,NA,NA,NA,939713200,914738900
Belize,2012,15.5,4,NA,NA,NA,971664600,981551650
Belize,2013,15.1,4,NA,NA,NA,1051774550,1032304100
Belize,2014,14.6,4,NA,NA,NA,1085325100,1036213200
Belize,2015,14.2,4,NA,NA,NA,1142213050,1013861000
Benin,2002,85.2,1,0,6,34.6578483581543,1003657772.97234,823513903.24829
Benin,2003,83,2,0,6,NA,1226073343.90571,995095866.261597
Benin,2004,80.8,3,0,6,NA,1321690423.80171,1143984772.98609
Benin,2005,78.8,4,0,6,NA,1353205875.76765,1213458997.61521
Benin,2006,76.9,4,0,7,28.7021102905273,1526225059.91221,1269086284.28804
Benin,2007,75.2,4,0,7,NA,2208516281.11941,1798312733.32515
Benin,2008,73.7,4,0,7,NA,2498935557.03785,2158338688.71137
Benin,2009,72.3,4,0,7,NA,2403039865.40906,1932930439.95559
Benin,2010,71,4,0,7,NA,2704110347.67377,2199999216.44206
Benin,2011,69.8,4,0,7,NA,2819548546.35112,2229520361.4398
Benin,2012,68.5,4,0,7,32.9488182067871,2990340731.08098,2662421230.52835
Benin,2013,67.2,4,0,7,NA,3959347852.68099,3451240834.16954
Benin,2014,65.7,4,0,7,NA,4495143591.19349,4175439095.28021
Benin,2015,64.2,4,0,7,NA,3648295525.95119,2815204773.51852
Bolivia,1994,74.8,1,0,9,NA,1626751433.82751,1295735742.88497
Bolivia,1995,72.2,2,0,9,NA,1825637772.63921,1514377643.06398
Bolivia,1996,69.5,3,0,9,NA,2017479801.36365,1670373428.44756
Bolivia,1997,66.8,3,0,9,NA,2326903298.25096,1673157413.92764
Bolivia,1998,64.1,3,0,9,NA,2768710912.68761,1673904647.82853
Bolivia,1999,61.4,3,0,9,NA,2260778163.9254,1398595244.64937
Bolivia,2000,58.8,3,0,9,NA,2294564081.83068,1534697177.97364
Bolivia,2001,56.2,4,0,9,86.7236709594727,2056200184.65544,1626040049.03964
Bolivia,2002,53.7,5,0,9,NA,2191068898.18689,1710308647.14086
Bolivia,2003,51.2,6,0,8,NA,2131085361.39545,2069144688.74034
Bolivia,2004,48.8,7,0,8,NA,2309688004.03226,2731911668.34677
Bolivia,2005,46.6,8,0,8,NA,3064661856.4114,3394519904.2908
Bolivia,2006,44.4,9,0,8,NA,3752334864.44655,4783642093.96375
Bolivia,2007,42.2,10,0,8,90.7434692382813,4495795419.80844,5483666700.63175
Bolivia,2008,40.2,11,0,8,90.698112487793,6329651161.18426,7487864968.29366
Bolivia,2009,38.4,12,0,7,91.1678314208984,5705628917.37892,6194300427.35043
Bolivia,2010,36.8,12,0,7,NA,6744572947.39692,8093183262.78735
Bolivia,2011,35.3,12,0,7,92.2261505126953,9199095430.30128,10565709240.3056
Bolivia,2012,34,12,0,7,94.4605712890625,10233217655.5716,12774727496.3821
Bolivia,2013,32.8,12,0,7,NA,11386396526.7728,13518462662.8075
Bolivia,2014,31.7,12,0,7,NA,13848956005.7887,14285068596.2373
Bolivia,2015,30.6,12,0,7,92.455078125,12231374674.3849,10186598842.2576
Bosnia and Herzegovina,2002,7.2,1,-66,-66,NA,4717671799.80751,1619401636.18864
Bosnia and Herzegovina,2003,7,1,-66,-66,NA,6961219561.45413,2535225100.98096
Bosnia and Herzegovina,2004,7,1,-66,-66,NA,7082920634.92064,2946920634.92064
Bosnia and Herzegovina,2005,7.1,1,-66,-66,NA,8039422648.94767,3549945952.81999
Bosnia and Herzegovina,2006,7.2,1,-66,-66,NA,8107497915.46405,4505419793.47059
Bosnia and Herzegovina,2007,7.1,1,-66,-66,NA,8907162351.29461,4276291112.6662
Bosnia and Herzegovina,2008,7,1,-66,-66,NA,11336685140.8029,5131402037.14799
Bosnia and Herzegovina,2009,6.7,1,-66,-66,NA,8584652319.05675,4405111158.46296
Bosnia and Herzegovina,2010,6.4,1,-66,-66,NA,8806994650.23363,5100738132.32207
Bosnia and Herzegovina,2011,6.2,1,-66,-66,98.1420364379883,10403825431.8004,5973017982.79906
Bosnia and Herzegovina,2012,5.9,1,-66,-66,NA,9611645644.46196,5572978583.62896
Bosnia and Herzegovina,2013,5.6,1,-66,-66,96.9917678833008,9850602810.39984,6133980720.92865
Bosnia and Herzegovina,2014,5.4,1,-66,-66,NA,10510282186.9489,6306151132.8178
Bosnia and Herzegovina,2015,5.1,1,-66,-66,NA,8645165863.33995,5653138077.68642
Botswana,2000,52.4,1,0,8,NA,2320710337.52793,3000196009.25164
Botswana,2001,51.4,2,0,8,NA,2133671163.45956,2671112100.25337
Botswana,2002,50.3,3,0,8,NA,2158048610.89162,2836767913.01874
Botswana,2003,49.8,4,0,8,81.1887130737305,2779825087.3755,3667669548.87978
Botswana,2004,49.1,4,0,8,NA,3706961580.25954,4444139018.51734
Botswana,2005,44.8,4,0,8,NA,3533676424.54602,5255909517.84596
Botswana,2006,43.8,4,0,8,NA,3451273001.40493,5291779460.6449
Botswana,2007,45.5,4,0,8,NA,4440003828.10973,5963543363.52382
Botswana,2008,45.3,4,0,8,NA,5586576630.68157,4999047884.10552
Botswana,2009,42.3,4,0,8,NA,5327109334.60049,3573059775.54472
Botswana,2010,39.8,4,0,8,NA,6554992934.52661,5579516015.07301
Botswana,2011,39.9,4,0,8,NA,8227896230.00205,7668392266.97084
Botswana,2012,38.2,4,0,8,NA,8854720373.79743,7102151172.71069
Botswana,2013,36.4,4,0,8,86.8231811523438,9094678422.17433,9167947445.49882
Botswana,2014,35.6,4,0,8,NA,9005848865.32013,9501309031.76212
Botswana,2015,34.8,4,0,8,NA,8092733734.82081,7183700266.56136
Brazil,2002,24.3,1,0,8,NA,68004834965.369,72286060356.887
Brazil,2003,22.5,2,0,8,NA,72356034124.1469,84757339584.0104
Brazil,2004,21,3,0,8,88.6162414550781,87897949128.2051,110743537333.333
Brazil,2005,19.5,4,0,8,NA,105595458223.792,135918581909.3
Brazil,2006,18.2,5,0,8,89.6152267456055,129232641290.856,159215718705.466
Brazil,2007,17.1,6,0,8,90.0093688964844,167160252067.177,186198863078.424
Brazil,2008,16.2,7,0,8,90.03662109375,232727652852.001,229512905442.251
Brazil,2009,15.4,8,0,8,90.298210144043,187616483044.913,180894503551.065
Brazil,2010,14.8,8,0,8,90.3791809082031,263001364256.48,240006821282.401
Brazil,2011,14.4,8,0,8,91.4112396240234,323150406504.065,303021879483.501
Brazil,2012,14.3,8,0,8,91.3378524780273,326310480774.154,292804259894.527
Brazil,2013,14.3,8,0,8,91.4842376708984,347274708965.261,290362691897.407
Brazil,2014,14.4,8,0,8,91.7294311523438,335819379515.512,270452613684.658
Brazil,2015,14.6,8,0,8,92.0478973388672,253273317502.78,232489103970.663
Bulgaria,2002,16.3,1,0,9,NA,6827243139.14299,5519115551.27588
Bulgaria,2003,15.5,1,0,9,NA,9430015005.48277,7277457147.80401
Bulgaria,2004,14.6,1,0,9,NA,13630160624.7222,10713394070.2178
Bulgaria,2005,13.6,1,0,9,NA,17080644177.6253,12703276793.0881
Bulgaria,2006,12.9,1,0,9,NA,22027000577.1821,16150904893.2213
Bulgaria,2007,12.3,1,0,9,NA,31626174947.5157,23262813855.8432
Bulgaria,2008,11.8,1,0,9,NA,39341595243.4373,28590551192.8801
Bulgaria,2009,11.5,1,0,9,NA,26258237719.4853,21963725741.0962
Bulgaria,2010,11.2,1,0,9,NA,26837706782.1849,25395582780.5604
Bulgaria,2011,10.9,1,0,9,98.3524475097656,33700520440.8105,33916506221.1162
Bulgaria,2012,10.5,1,0,9,NA,34493513797.6347,32772597897.5033
Bulgaria,2013,10.1,1,0,9,NA,36290976520.0869,36043133821.9327
Bulgaria,2014,9.7,1,0,9,NA,37432412834.0795,36875485008.8183
Bulgaria,2015,9.3,1,0,9,NA,31914822602.5845,32398958286.1029
Burkina Faso,2000,96.2,1,3,0,NA,776980431.276297,261515857.363254
Burkina Faso,2001,95,1,2,2,NA,720842628.320341,288287565.659921
Burkina Faso,2002,93.4,1,2,2,NA,809293991.777766,319625646.603486
Burkina Faso,2003,91.4,1,2,2,21.8229198455811,1000320937.54941,436139398.413938
Burkina Faso,2004,88.9,1,2,2,NA,1338676864.63816,592167087.336225
Burkina Faso,2005,86,1,2,2,23.5221996307373,1494832909.70582,604674172.713004
Burkina Faso,2006,82.7,1,2,2,22.4725799560547,1579776321.8313,716754604.839526
Burkina Faso,2007,79.2,1,2,2,28.2936592102051,1784436592.40252,788108891.354229
Burkina Faso,2008,75.8,1,2,2,NA,2375548415.47173,955390213.199847
Burkina Faso,2009,72.5,1,2,2,NA,2495055649.23329,1297930094.52627
Burkina Faso,2010,69.7,1,2,2,NA,2887043283.23912,2074074146.56959
Burkina Faso,2011,67.3,1,2,2,NA,3781344566.96529,3164494170.16836
Burkina Faso,2012,65.4,1,2,2,NA,4351201613.41658,3340989789.37289
Burkina Faso,2013,63.7,1,2,2,NA,4968861222.40229,3640311463.70639
Burkina Faso,2014,62.2,1,2,2,34.5993995666504,4446645376.58481,3755133897.1596
Burkina Faso,2015,60.9,1,1,7,NA,3902427844.37453,3089098202.89416
Cambodia,1998,87.1,1,1,3,67.3350296020508,1384886252.60916,974763067.891374
Cambodia,1999,84.5,2,1,3,NA,1886392172.88982,1426037338.31186
Cambodia,2000,80.4,3,1,3,NA,2256850529.57966,1821397244.68085
Cambodia,2001,74.7,4,1,3,NA,2438297157.21203,2093243559.45464
Cambodia,2002,68.3,4,1,3,NA,2753379504.18688,2374299969.16007
Cambodia,2003,62.3,5,1,3,NA,3100545073.28474,2632863068.25836
Cambodia,2004,57.4,6,1,3,73.6099472045898,3784818547.14538,3395176611.33381
Cambodia,2005,53.3,7,1,3,NA,4578016312.865,4032880210.23824
Cambodia,2006,49.8,7,1,3,NA,5530235561.12837,4989881264.85103
Cambodia,2007,46.5,7,1,3,NA,6301646856.59985,5643664446.08896
Cambodia,2008,43.3,7,1,3,76.8712921142578,7016217713.19862,6784981006.62708
Cambodia,2009,40,7,1,3,76.1379623413086,5816477547.16925,5119870899.20978
Cambodia,2010,36.7,7,1,3,NA,6691507363.64717,6080135276.71889
Cambodia,2011,33.6,7,1,3,NA,7633716514.87003,6938312829.37046
Cambodia,2012,30.7,7,1,3,NA,8813214287.99901,8136084082.96554
Cambodia,2013,28.3,7,1,3,NA,10303038305.171,9500429495.11453
Cambodia,2014,26.3,7,1,3,78.0550918579102,11192212102.0929,10456414664.8421
Cambodia,2015,24.6,7,1,3,80.5264892578125,11939258368.9017,11140147276.578
Cameroon,1992,88.2,1,5,1,NA,2087299308.22505,2341602554.67398
Cameroon,1993,89.9,2,5,1,NA,1942661109.58702,2157027779.24325
Cameroon,1994,91.5,3,5,1,NA,2008477429.44955,2235509632.47295
Cameroon,1995,93,4,5,1,NA,1698592173.58325,1990231973.73391
Cameroon,1996,94.1,5,5,1,NA,2436723533.60713,2445458047.3629
Cameroon,1997,94.7,6,5,1,NA,2704330298.11835,2695377807.29357
Cameroon,1998,94.7,7,5,1,NA,2384496409.5953,2393027329.09599
Cameroon,1999,93.8,7,5,1,NA,2275345529.55784,2245087608.13832
Cameroon,2000,91.9,7,5,1,68.4091567993164,2515403938.72661,2612567706.81833
Cameroon,2001,89.3,7,5,1,NA,2933604778.46662,2679888437.51044
Cameroon,2002,86.2,7,5,1,NA,3189636262.85208,2813421456.63298
Cameroon,2003,83.1,7,5,1,NA,3741046546.60364,3044751072.90894
Cameroon,2004,80.3,7,5,1,NA,4222751576.23312,3958470638.37536
Cameroon,2005,77.8,7,5,1,NA,4731960093.89004,4413882090.68947
Cameroon,2006,75.3,7,5,1,NA,5092288035.28696,4962622164.77229
Cameroon,2007,73.1,7,5,1,70.6799392700195,6621856552.55069,6460297270.74773
Cameroon,2008,70.8,7,5,1,NA,8694602319.3562,7674073978.13291
Cameroon,2009,68.8,7,5,1,NA,6860732723.50341,5568685495.53428
Cameroon,2010,66.2,7,5,1,71.2905120849609,7053080441.71083,5802300066.9167
Cameroon,2011,64.4,7,5,1,NA,9107630240.17472,7617662949.02521
Cameroon,2012,62.4,7,5,1,NA,8809093140.16887,7601120581.60873
Cameroon,2013,60.4,7,5,1,NA,9719406535.25534,8273049826.32098
Cameroon,2014,58.6,7,5,1,NA,10541186935.3628,8725705928.80348
Cameroon,2015,57.1,7,5,1,NA,8539259287.32466,6884615104.87698
Central African Republic,2001,112.9,1,0,5,NA,210345022.80576,159877005.095912
Central African Republic,2002,112.1,2,0,5,NA,199723610.815793,158252320.484048
Central African Republic,2003,111.3,3,2,1,NA,205101408.240842,207845728.91652
Central African Republic,2004,110.4,4,2,1,NA,244440120.177601,177784785.782214
Central African Republic,2005,109.3,4,2,1,NA,290317082.682346,178708437.533948
Central African Republic,2006,108.1,4,2,1,NA,322489945.784018,209094018.800509
Central African Republic,2007,106.9,4,2,1,NA,398343553.11071,239616991.83002
Central African Republic,2008,105.5,4,2,1,NA,465218535.942272,218449261.647375
Central African Republic,2009,103.6,4,2,1,NA,445847327.633182,202648827.38021
Central African Republic,2010,101.7,4,2,1,36.7526092529297,488611125.875945,249093411.140751
Central African Republic,2011,99.7,4,2,1,NA,520455657.587099,320054001.221436
Central African Republic,2012,97.7,4,2,1,NA,539911073.470252,289922972.255949
Central African Republic,2013,96.1,4,-77,-77,NA,396266771.62727,253274147.215345
Central African Republic,2014,93.5,4,-77,-77,NA,690077898.595119,315975075.203951
Central African Republic,2015,91.5,4,-77,-77,NA,611811302.110564,289437776.688114
Chad,2010,93.6,1,3,1,NA,4645436365.17236,3930727091.03561
Chad,2011,91.9,1,3,1,NA,5088490114.55949,4732260047.66911
Chad,2012,90.2,1,3,1,NA,5207595757.2162,4757484164.62592
Chad,2013,88.4,1,3,1,NA,5062672258.89634,4347930831.08389
Chad,2014,86.7,1,3,1,NA,5919969503.2357,4762356368.19952
Chad,2015,85,1,3,1,26.0029907226563,4003726583.89541,3285310490.30322
Chile,1980,28.2,8,7,0,NA,7679845876.33946,6292627054.01682
Chile,1981,25.6,9,7,0,NA,9047297176.61233,5363825291.2401
Chile,1982,22.9,10,7,0,91.1284027099609,5382281400.67755,4713939511.28918
Chile,1983,20.8,11,6,0,NA,4355576959.59105,4767971202.82819
Chile,1984,19.5,12,6,0,NA,4799834957.79674,4474125374.86451
Chile,1985,18.9,13,6,0,NA,4307602967.65657,4647193725.63029
Chile,1986,18.6,14,NA,NA,NA,NA,NA
Chile,1987,18.4,15,6,0,NA,5752821225.91213,6308060062.77162
Chile,1988,18,16,3,2,NA,6765529485.8378,8456167150.41737
Chile,1989,17.1,17,0,8,NA,8748407009.58385,10071482715.094
Chile,1990,16,18,0,8,NA,9686180975.72378,10760217714.584
Chile,1991,14.8,18,0,8,NA,10137181116.2018,11842675065.5747
Chile,1992,13.7,18,0,8,94.2911376953125,12544703151.5803,13312092909.9785
Chile,1993,12.7,18,0,8,NA,13669475781.4781,12758599161.7389
Chile,1994,11.7,18,0,8,NA,14680688842.4009,15656361048.5982
Chile,1995,11,18,0,8,NA,19346618433.6013,21025141438.6168
Chile,1996,10.5,18,0,8,NA,21946625731.1956,20794067519.5867
Chile,1997,10.2,18,0,8,NA,24191173540.1016,22487271963.9408
Chile,1998,10.1,18,0,8,NA,23494325678.1594,20819483696.5826
Chile,1999,9.6,18,0,8,NA,19982048574.2364,21624592264.633
Chile,2000,9.2,18,0,9,NA,22411585684.8134,23772266321.3405
Chile,2001,8.7,18,0,9,NA,21822419952.279,22996523019.9704
Chile,2002,8.3,18,0,9,95.7166213989258,21332345471.8843,22876417337.3588
Chile,2003,8,18,0,9,NA,23190197866.0688,26973735771.3335
Chile,2004,7.9,18,0,9,NA,29694953337.3255,39488088029.3013
Chile,2005,7.7,18,0,9,NA,38680972557.1778,49382442843.8593
Chile,2006,7.6,18,0,10,NA,45358377418.1321,67789580748.6682
Chile,2007,7.6,18,0,10,NA,54405352884.0828,78242480554.8399
Chile,2008,7.6,18,0,10,97.7224502563477,70715782094.3573,74413752040.6308
Chile,2009,7.5,18,0,10,97.6642303466797,50503967542.8748,63854403849.5175
Chile,2010,7.6,18,0,10,96.818603515625,68442909063.8457,82487244655.3566
Chile,2011,7.5,18,0,10,96.703010559082,86884940756.2013,95255289952.0849
Chile,2012,7.4,18,0,10,NA,91222239391.7175,91147100657.3255
Chile,2013,7.3,18,0,10,96.2670593261719,91237694284.4138,89638293156.1453
Chile,2014,7.2,18,0,10,NA,83794977253.9037,86267287016.2612
Chile,2015,7,18,0,10,96.8741302490234,72190113685.0302,71654520805.7733
China,1991,41.8,1,7,0,NA,43941659170,55542659170
China,1992,41.2,1,7,0,NA,61849400129,66847400129
China,1993,40.2,1,7,0,NA,86072328750,74280328750
China,1994,39,1,7,0,NA,97250445198,104607445198
China,1995,37.7,1,7,0,NA,119900826000,131858826000
China,1996,36.4,1,7,0,NA,137261877000,154811877000
China,1997,35,1,7,0,NA,144623820000,187447040000
China,1998,33.5,1,7,0,NA,144913704696,188750394176
China,1999,31.9,1,7,0,NA,168058444268.42,198699399635
China,2000,30.2,1,7,0,90.9202117919922,224306238158.48,253092089737
China,2001,28.3,1,7,0,NA,243973790217.76,272060010515.89
China,2002,26.2,1,7,0,NA,295619639659.43,333002310923.451
China,2003,24.2,1,7,0,NA,412137124715.32,447958253781.62
China,2004,22.2,1,7,0,NA,556182551584.76,607356934124.72
China,2005,20.3,1,7,0,NA,648712207879.78,773339005396.991
China,2006,18.7,1,7,0,NA,782812463259.9,991731387760.5
China,2007,17.2,1,7,0,NA,950020767157.33,1258056795940.68
China,2008,15.8,1,7,0,NA,1149036249785.66,1497868782939.59
China,2009,14.6,1,7,0,NA,1042533759652.94,1262664161019.72
China,2010,13.5,1,7,0,95.1244812011719,1432415877173.64,1654815752520.77
China,2011,12.5,1,7,0,NA,1825402621469.38,2006296851391.43
China,2012,11.5,1,7,0,NA,1943215391729.07,2175080625679.5
China,2013,10.6,1,7,0,NA,2119378054518.82,2354248580552.39
China,2014,9.8,2,7,0,NA,2241288603088.79,2462839435097.13
China,2015,9.2,3,7,0,NA,2003257157592.74,2362092880957.64
Colombia,1994,25.8,1,0,9,NA,17091698826.0504,12254186688.3985
Colombia,1995,25,2,0,7,NA,19392751883.9628,13444770139.3343
Colombia,1996,24.2,3,0,7,91.207160949707,20252680331.731,14767813598.716
Colombia,1997,23.4,4,0,7,NA,22137740205.7201,15829917576.649
Colombia,1998,22.6,5,0,7,NA,20576289396.4486,14773797430.026
Colombia,1999,21.9,5,0,7,NA,15343463758.285,15812211474.8338
Colombia,2000,21.2,5,0,7,NA,16732945249.8395,15897088339.1542
Colombia,2001,20.6,5,0,7,NA,18182900126.4544,15111975539.1625
Colombia,2002,20,5,0,7,NA,17797006802.5232,14513776908.1967
Colombia,2003,19.4,5,0,7,NA,18872327630.368,15687092396.8858
Colombia,2004,18.9,5,0,7,92.8037796020508,22353995121.9577,19635451058.964
Colombia,2005,18.4,5,0,7,92.8486633300781,29781533163.7656,24713096944.4685
Colombia,2006,17.8,5,0,7,92.2996826171875,35415104984.6471,28652691910.1451
Colombia,2007,17.3,5,0,7,92.6517868041992,42609030376.6138,33882152043.1603
Colombia,2008,16.9,5,0,7,93.3781814575195,50999859345.4739,43859076073.7904
Colombia,2009,16.4,5,0,7,93.2446899414063,43531909200.3068,38170172446.1218
Colombia,2010,15.9,5,0,7,93.3723297119141,51362877689.8698,46826831270.1524
Colombia,2011,15.4,5,0,7,93.5805282592773,67638293555.4426,64565473515.4334
Colombia,2012,14.9,5,0,7,NA,74273083424.3787,69774770559.0529
Colombia,2013,14.5,5,0,7,NA,76041906975.5974,69111201874.1384
Colombia,2014,14.1,5,0,7,94.1862487792969,79472228066.5797,63397043405.7392
Colombia,2015,13.6,5,0,7,94.2450485229492,66651327930.6406,45930515098.6219
Costa Rica,2001,10.5,1,0,10,NA,6445457524.55378,6471720164.50269
Costa Rica,2002,10,2,0,10,NA,6828718281.64082,6502965357.40092
Costa Rica,2003,9.5,3,0,10,NA,7367441232.12763,7024720849.34531
Costa Rica,2004,9.2,4,0,10,NA,8011642171.12324,7855095380.08358
Costa Rica,2005,9,5,0,10,NA,9170225548.46405,8710569530.63531
Costa Rica,2006,8.9,6,0,10,NA,10562844259.1687,9839017111.19804
Costa Rica,2007,8.9,7,0,10,NA,12333210658.4104,10910386062.7488
Costa Rica,2008,8.9,8,0,10,NA,14660106511.6081,11953067007.0592
Costa Rica,2009,8.9,9,0,10,NA,10800050161.0011,10647948764.4953
Costa Rica,2010,8.9,9,0,10,NA,13061016238.5336,12363101561.2475
Costa Rica,2011,8.8,9,0,10,97.4065780639648,15465817010.9729,13886078378.1015
Costa Rica,2012,8.8,9,0,10,NA,16718693002.3076,14950204991.037
Costa Rica,2013,8.7,9,0,10,NA,17055281116.7128,15586637116.9513
Costa Rica,2014,8.6,9,0,10,NA,17596280793.7402,16313862272.8384
Costa Rica,2015,8.5,9,0,10,NA,17360350889.6379,16884667693.8555
Croatia,2001,6.9,1,0,8,98.1466827392578,9838398369.59779,8631421207.21693
Croatia,2002,6.6,2,0,8,NA,12261010963.3243,9709973703.26613
Croatia,2003,6.3,3,0,8,NA,16079045488.4415,12448173005.22
Croatia,2004,6.1,4,0,8,NA,18927464660.3583,15347761960.7908
Croatia,2005,5.8,5,0,9,NA,20657399314.1935,16669972433.2683
Croatia,2006,5.6,6,0,9,NA,23438774461.085,19130367730.2169
Croatia,2007,5.3,7,0,9,NA,27828843106.1807,22765544886.7344
Croatia,2008,5,8,0,9,NA,32780255422.6637,25586053111.6967
Croatia,2009,4.8,9,0,9,NA,23987458083.0949,20469279881.7801
Croatia,2010,4.6,9,0,9,NA,22644779919.9709,21635503819.5708
Croatia,2011,4.3,9,0,9,99.125358581543,25481577125.3205,24233612155.9161
Croatia,2012,4.1,9,0,9,NA,23291455139.0527,22329453190.4347
Croatia,2013,4,9,0,9,NA,24725586776.28,23475082823.5377
Croatia,2014,3.8,9,0,9,NA,25179012560.4537,24959639539.3341
Croatia,2015,3.6,9,0,9,NA,22863391802.6333,22972165113.8037
Cyprus,2002,4.7,1,0,10,NA,6993294230.76923,7126828846.15385
Cyprus,2003,4.4,2,0,10,NA,8181782559.4564,8402847112.11778
Cyprus,2004,4.2,3,0,10,NA,9875106250,9853627500
Cyprus,2005,3.9,4,0,10,NA,10364178584.7531,10265955726.8996
Cyprus,2006,3.7,5,0,10,NA,11315149918.4544,10726039392.7989
Cyprus,2007,3.5,6,0,10,NA,13905730906.1046,12765499589.3786
Cyprus,2008,3.3,7,0,10,NA,17498754943.6063,13945071041.4531
Cyprus,2009,3.1,8,0,10,NA,14028341205.8905,12641150319.5332
Cyprus,2010,3,8,0,10,NA,15110426885.8544,12963934773.9626
Cyprus,2011,2.9,8,0,10,98.6784286499023,15801046770.6013,14746191536.7483
Cyprus,2012,2.8,8,0,10,NA,14294039573.4293,13816180136.1943
Cyprus,2013,2.7,8,0,10,NA,14287905432.3283,14665650152.7427
Cyprus,2014,2.6,8,0,10,NA,15072476418.2277,15289807360.1701
Cyprus,2015,2.5,8,0,10,NA,13390746699.2123,13909864639.9645
Djibouti,2002,76.4,1,1,3,NA,NA,NA
Djibouti,2003,74.6,1,1,3,NA,NA,NA
Djibouti,2004,72.9,1,1,3,NA,NA,NA
Djibouti,2005,71.1,1,1,3,NA,NA,NA
Djibouti,2006,69.4,1,1,3,NA,NA,NA
Djibouti,2007,67.5,1,1,3,NA,NA,NA
Djibouti,2008,65.7,1,1,3,NA,NA,NA
Djibouti,2009,63.9,1,1,3,NA,NA,NA
Djibouti,2010,62.2,1,1,3,NA,NA,NA
Djibouti,2011,60.5,1,1,3,NA,NA,NA
Djibouti,2012,58.9,1,1,3,NA,NA,NA
Djibouti,2013,57.4,1,0,3,NA,3911141258.48943,3197791277.3392
Djibouti,2014,55.8,1,0,3,NA,3122558208.71839,3507486688.67122
Djibouti,2015,54.2,1,0,3,NA,2980616127.05379,3437847909.07045
Dominica,2001,13.4,1,NA,NA,NA,165748888.888889,121248518.518518
Dominica,2002,13.4,2,NA,NA,NA,156234518.518519,123167629.62963
Dominica,2003,13.4,3,NA,NA,NA,157336555.555556,118410740.740741
Dominica,2004,13.7,4,NA,NA,NA,174111518.518519,130478222.222222
Dominica,2005,14,4,NA,NA,NA,196296296.296296,129259259.259259
Dominica,2006,14.4,4,NA,NA,NA,198888888.888889,144444444.444444
Dominica,2007,14.9,4,NA,NA,NA,236331777.777778,147844259.259259
Dominica,2008,15.5,4,NA,NA,NA,287322111.111111,156733703.703704
Dominica,2009,16.3,4,NA,NA,NA,264465888.888889,147949185.185185
Dominica,2010,17.2,4,NA,NA,NA,275594888.888889,179282481.481481
Dominica,2011,17.9,4,NA,NA,NA,275986148.148148,196689407.407407
Dominica,2012,18.7,4,NA,NA,NA,261255370.37037,165061407.407407
Dominica,2013,19.3,4,NA,NA,NA,259156148.148148,174724000
Dominica,2014,19.5,4,NA,NA,NA,264479000,177991851.851852
Dominica,2015,19.6,4,NA,NA,NA,329603333.333333,257574629.62963
Ecuador,1995,35.2,1,0,9,NA,6016443221.61081,5201004502.25113
Ecuador,1996,33.6,2,0,9,NA,5535280640.32016,5618746373.18659
Ecuador,1997,32.1,3,0,8,NA,6613086543.27163,6064677338.66933
Ecuador,1998,30.7,4,0,9,NA,7136267133.56678,5006507253.62681
Ecuador,1999,29.5,4,0,9,NA,4483779889.94497,5181939969.98499
Ecuador,2000,28.4,4,0,6,NA,5010291145.57279,5888259129.56478
Ecuador,2001,27.4,4,0,6,90.9840316772461,6734248000,5682217000
Ecuador,2002,26.5,4,0,6,NA,7960638000,6135846000
Ecuador,2003,25.7,5,0,6,NA,7992504000,7329307000
Ecuador,2004,25,6,0,6,NA,9554409000,8984844000
Ecuador,2005,24.3,7,0,6,NA,11821905000,11463499000
Ecuador,2006,23.7,8,0,7,NA,13748900000,14196499000
Ecuador,2007,23.1,9,0,5,92.0967864990234,15636623000,16287685000
Ecuador,2008,22.5,10,0,5,92.3900527954102,20933400000,21100364000
Ecuador,2009,21.9,11,0,5,92.2497634887695,16790125000,15785663000
Ecuador,2010,21.3,11,0,5,91.8540420532227,22541700000,19402439000
Ecuador,2011,20.7,11,0,5,91.5868988037109,26453861000,24671849000
Ecuador,2012,20.1,11,0,5,92.0647277832031,27772113000,26522271000
Ecuador,2013,19.5,11,1,6,93.2946319580078,29459627000,27243506000
Ecuador,2014,19,11,1,6,94.2226409912109,30168281000,28536122000
Ecuador,2015,18.4,11,1,6,94.4556579589844,23815449000,21107369000
El Salvador,1989,48.2,1,0,6,NA,1035800000,578784600
El Salvador,1990,45.9,2,0,6,NA,1499153633.11014,891100175.395367
El Salvador,1991,43.8,3,0,10,NA,1603417100,904756600
El Salvador,1992,41.7,4,0,10,74.1431579589844,1891815600,937870800
El Salvador,1993,39.7,5,0,10,NA,2281645100,1294122000
El Salvador,1994,37.6,5,0,10,NA,2705134100,1529942400
El Salvador,1995,35.6,5,0,10,NA,3373053900,1923081200
El Salvador,1996,33.7,5,0,10,NA,3272855600,2026644400
El Salvador,1997,31.8,5,0,10,NA,3836743500,2659875600
El Salvador,1998,30,5,0,10,NA,3990321100,2667080400
El Salvador,1999,28.4,5,0,10,NA,4129349000,2752938000
El Salvador,2000,26.8,5,0,10,NA,4935859900,3161574400
El Salvador,2001,25.5,5,0,10,NA,5021277400,3071774700
El Salvador,2002,24.2,5,0,10,NA,5117092900,3231026200
El Salvador,2003,23.1,5,0,10,NA,5603962500,3433269900
El Salvador,2004,22,5,0,10,NA,6021905400,3555578400
El Salvador,2005,20.9,5,0,10,NA,6533150000,3713680000
El Salvador,2006,20,5,0,10,83.5594635009766,7602490000,4150320000
El Salvador,2007,19.2,5,0,10,82.0286331176758,8855300000,4349400000
El Salvador,2008,18.4,5,0,10,83.951301574707,9699500000,4809800000
El Salvador,2009,17.7,5,0,10,84.1028900146484,7413800000,4215800000
El Salvador,2010,17.1,5,0,10,84.4927215576172,8595000000,4971100000
El Salvador,2011,16.5,5,0,10,85.4939880371094,10201710000,5878600000
El Salvador,2012,16,5,0,10,NA,10495790000,6110260000
El Salvador,2013,15.4,5,0,10,86.767578125,11155200000,6536780000
El Salvador,2014,14.9,5,0,10,NA,10969480000,6677030000
El Salvador,2015,14.4,5,0,10,87.9698486328125,11033350000,6911040000
Estonia,2002,7.5,1,0,9,NA,4815880757.27607,4270175190.73184
Estonia,2003,6.9,1,0,9,NA,6478792682.92683,5644211833.785
Estonia,2004,6.3,1,0,9,NA,8368395900.62112,7418642236.02484
Estonia,2005,5.8,1,0,9,NA,9945822285.78535,9230780624.30046
Estonia,2006,5.3,1,0,9,NA,12490779199.5985,10769818968.7618
Estonia,2007,4.8,1,0,9,NA,16026215849.9863,14052834656.4468
Estonia,2008,4.4,1,0,9,NA,17111420096.675,16160988574.7766
Estonia,2009,4,1,0,9,NA,10974937899.4165,11949521950.5418
Estonia,2010,3.6,1,0,9,NA,13406736320.6191,14660971017.4177
Estonia,2011,3.2,1,0,9,99.8857879638672,18729623690.6617,20077890760.5607
Estonia,2012,2.9,1,0,9,NA,19464295315.418,19845436184.9581
Estonia,2013,2.7,1,0,9,NA,20560105318.0019,21233896214.045
Estonia,2014,2.5,1,0,9,NA,20846974834.0531,21775106016.6113
Estonia,2015,2.3,1,0,9,NA,16818332146.7758,17718448637.0757
Fiji,2000,20.8,1,-88,-88,NA,NA,NA
Fiji,2001,20.5,2,1,6,NA,NA,NA
Fiji,2002,20.3,3,1,6,NA,NA,NA
Fiji,2003,20.1,4,1,6,NA,NA,NA
Fiji,2004,20.1,4,1,7,NA,NA,NA
Fiji,2005,20.1,4,1,7,NA,NA,NA
Fiji,2006,20.2,4,3,0,NA,NA,NA
Fiji,2007,20.3,4,4,0,NA,NA,NA
Fiji,2008,20.3,4,4,0,NA,NA,NA
Fiji,2009,20.3,4,4,0,NA,NA,NA
Fiji,2010,20.3,4,4,0,NA,NA,NA
Fiji,2011,20.1,4,4,0,NA,NA,NA
Fiji,2012,20,4,4,0,NA,NA,NA
Fiji,2013,19.7,4,4,0,NA,NA,NA
Fiji,2014,19.4,4,1,3,NA,NA,NA
Fiji,2015,19.1,4,1,3,NA,NA,NA
Finland,2000,3.5,1,0,10,NA,41311958724.8941,52835820895.5224
Finland,2001,3.4,2,0,10,NA,39489932885.906,51463087248.3222
Finland,2002,3.4,3,0,10,NA,42151326933.9356,54686617730.096
Finland,2003,3.3,4,0,10,NA,52641083521.4447,63920993227.991
Finland,2004,3.2,5,0,10,NA,63757139309.6598,76117457164.142
Finland,2005,3.1,6,0,10,NA,74357666956.8462,82483521950.0062
Finland,2006,2.9,7,0,10,NA,84397189813.0724,93431188056.7056
Finland,2007,2.9,8,0,10,NA,99941144264.9877,112217355598.139
Finland,2008,2.7,9,0,10,NA,117476197451.296,127764757580.196
Finland,2009,2.6,10,0,10,NA,85955821061.4059,91103084190.0528
Finland,2010,2.5,10,0,10,NA,92321655573.3472,95721453152.5972
Finland,2011,2.4,10,0,10,NA,109214466156.782,107070879949.183
Finland,2012,2.2,10,0,10,NA,104257570475.589,100243661079.02
Finland,2013,2.1,10,0,10,NA,106008134700.256,103136231851.386
Finland,2014,2,10,0,10,NA,103296835603.497,100140536033.758
Finland,2015,1.9,10,0,10,NA,84341201313.6016,83008103045.7021
Gabon,2000,55.6,1,4,0,NA,1655659043.70693,3498457743.60748
Gabon,2001,54.7,2,4,0,NA,1473711135.22687,2724005628.6266
Gabon,2002,53.7,3,4,0,NA,1707297196.71007,2793733093.32927
Gabon,2003,52.6,4,4,0,NA,1843491822.01042,3374014087.74221
Gabon,2004,51.4,4,4,0,NA,2073131765.29024,4268998464.46462
Gabon,2005,50.2,4,4,0,NA,2293295082.67893,5748214915.74562
Gabon,2006,49,4,4,0,NA,2897165197.81117,6250057134.3768
Gabon,2007,47.4,4,4,0,NA,3309244454.23718,7280347814.62017
Gabon,2008,45.7,4,4,0,NA,4156167870.27755,9646288875.32148
Gabon,2009,44.2,4,1,4,NA,3780351102.9439,6294591627.28779
Gabon,2010,42.8,4,1,4,NA,4526528581.67525,8287738444.03624
Gabon,2011,41.3,4,1,4,NA,5236193125.45438,11243840799.1026
Gabon,2012,39.7,4,1,4,82.2837982177734,5390232737.70199,10465457223.2289
Gabon,2013,38,4,1,4,NA,5855447181.16799,10092463252.248
Gabon,2014,37,4,1,4,NA,5279048163.33855,8104569005.66331
Gabon,2015,36.1,4,1,4,NA,4015443355.40044,6620833366.11911
Ghana,2000,64.9,1,1,3,57.8974685668945,3350893191.41127,2431828408.88236
Ghana,2001,63,2,1,7,NA,3444743962.02708,2404094094.65308
Ghana,2002,61.2,3,1,7,NA,3383649798.08178,2627858783.44271
Ghana,2003,59.6,4,1,7,NA,4320560567.60498,3104789916.93586
Ghana,2004,58.1,4,0,8,NA,5361416564.7582,3490673151.75097
Ghana,2005,56.8,4,0,8,NA,6623811100.07724,3911596601.56681
Ghana,2006,55.6,4,0,8,NA,8312720240.04365,5141627932.35134
Ghana,2007,54.4,4,0,8,NA,10108835863.9863,6072122968.34902
Ghana,2008,53.1,4,0,8,NA,12690121372.5305,7140126004.34824
Ghana,2009,51.7,4,0,8,NA,10989375851.7888,7609396365.70131
Ghana,2010,50.2,4,0,8,71.4970703125,14778901678.3217,9490699300.6993
Ghana,2011,48.6,4,0,8,NA,19416444364.0668,14529869985.532
Ghana,2012,47,4,0,8,NA,21794702942.627,16656634664.9131
Ghana,2013,45.5,4,0,8,NA,22377217876.2491,16118921318.2598
Ghana,2014,44.2,4,0,8,NA,19505247428.0191,15465492197.7491
Ghana,2015,42.8,4,0,8,NA,21187683788.2948,15520745571.5286
Guatemala,1990,59.8,1,1,4,NA,1900441392.83963,1608631682.19716
Guatemala,1991,57.3,2,1,4,NA,2028674262.76124,1688639662.74931
Guatemala,1992,55,3,1,4,NA,2849959385.75794,1886241441.99899
Guatemala,1993,52.7,4,1,4,NA,2972637257.33754,2018135358.62583
Guatemala,1994,50.6,5,1,4,64.2116394042969,3226457087.21658,2274655724.02281
Guatemala,1995,48.5,6,1,4,NA,3726925962.8954,2822490792.68922
Guatemala,1996,46.6,7,0,8,NA,3539822366.69293,2791706609.53507
Guatemala,1997,44.7,8,0,8,NA,4197706680.73948,3194396325.67574
Guatemala,1998,43,9,0,8,NA,5091730420.36782,3524472507.19379
Guatemala,1999,41.4,10,0,8,NA,5011108418.07374,3481400349.34261
Guatemala,2000,39.9,11,0,8,NA,5584222227.94724,3895385279.26628
Guatemala,2001,38.5,12,0,8,NA,7731195123.8134,5275584493.42122
Guatemala,2002,37.1,13,0,8,69.1017303466797,8255070815.80731,5463975082.14327
Guatemala,2003,35.9,14,0,8,NA,8807734236.67343,5648926179.65218
Guatemala,2004,34.6,15,0,8,NA,10090008720.8205,6464752708.7397
Guatemala,2005,33.5,16,0,8,NA,11155024024.4174,6817724662.36131
Guatemala,2006,32.3,16,0,8,NA,12662799252.8872,7537173335.43788
Guatemala,2007,31.2,16,0,8,NA,14441181173.6802,8721105938.77471
Guatemala,2008,30.2,16,0,8,NA,15422485304.2328,9673843690.47619
Guatemala,2009,29.3,16,0,8,NA,12501367182.9053,9046785507.74358
Guatemala,2010,28.4,16,0,8,NA,15009492876.4675,10667583174.0674
Guatemala,2011,27.5,16,0,8,NA,17803241426.2594,12688288796.979
Guatemala,2012,26.6,16,0,8,78.2648620605469,18197178244.9959,12530952103.7582
Guatemala,2013,25.9,16,0,8,77.0386734008789,18382944837.5929,11658261378.6783
Guatemala,2014,25.1,16,0,8,81.2858963012695,19287363234.2671,12579635808.6961
Guatemala,2015,24.3,16,1,9,NA,18695372446.0469,12331463395.5165
Guinea,2003,91.7,1,2,1,29.7040195465088,868000109.323699,894584161.414175
Guinea,2004,88.2,1,2,1,NA,946513576.296896,902874206.941495
Guinea,2005,84.9,1,2,1,NA,1031237407.23715,1021679595.88109
Guinea,2006,81.9,1,2,1,NA,1922724849.13814,1005390515.52319
Guinea,2007,79,1,2,1,NA,2988313292.80529,1479451797.53354
Guinea,2008,76.3,1,2,1,NA,2962825502.58155,1507080731.84401
Guinea,2009,73.7,1,2,1,NA,3177066500.78466,1512364199.58313
Guinea,2010,71.2,1,2,3,25.3077392578125,2961065637.41525,2079424662.12871
Guinea,2011,68.9,1,2,3,NA,3620035688.59762,2212106788.6689
Guinea,2012,66.8,1,2,3,NA,4089175142.90716,2531048966.42904
Guinea,2013,64.7,1,0,4,NA,4519671005.05146,2217341673.42936
Guinea,2014,62.8,1,0,4,32.0038414001465,4396562740.71092,2342843821.09411
Guinea,2015,61,1,0,4,NA,4480281624.51364,1890478301.14386
Haiti,1987,108.8,1,-88,-88,NA,NA,NA
Haiti,1988,106.1,2,7,0,NA,848904800,426125800
Haiti,1989,103.5,3,6,0,NA,753772600,356133600
Haiti,1990,101,4,0,7,NA,1068364600,368773800
Haiti,1991,98.4,4,7,0,NA,1024557088.50544,358172245.494024
Haiti,1992,95.8,4,7,0,NA,563516991.667757,170898224.490686
Haiti,1993,93.1,4,7,0,NA,711986181.953826,203702652.513441
Haiti,1994,90.4,4,0,7,NA,535668262.774515,139173369.867473
Haiti,1995,87.8,5,0,7,NA,807821954.521593,256955764.92692
Haiti,1996,85.1,6,0,7,NA,840148096.437209,329352514.398265
Haiti,1997,82.4,7,0,7,NA,882865727.745972,349003993.916387
Haiti,1998,79.9,8,0,7,NA,991316375.931761,368684569.868002
Haiti,1999,77.4,16,-88,-88,NA,1233633424.70026,508795815.914639
Haiti,2000,75,17,3,1,NA,1321159550.28693,501951950.421479
Haiti,2001,72.8,18,3,1,NA,1299797306.65447,444582464.297854
Haiti,2002,70.7,19,3,1,NA,1250023079.50798,421081007.226656
Haiti,2003,68.9,20,3,1,58.7439002990723,1416822808.77824,468327458.434888
Haiti,2004,67.2,21,-88,-88,NA,1556942662.96062,543181067.915903
Haiti,2005,65.6,21,-88,-88,NA,1850861892.05828,605171352.349682
Haiti,2006,64.1,21,1,6,48.6850204467773,2141664615.93395,689118570.952939
Haiti,2007,62.7,21,1,6,NA,2291857175.70682,779202027.818331
Haiti,2008,61.3,21,1,6,NA,2893881348.22535,833703543.037532
Haiti,2009,60,21,1,6,NA,2803367541.32612,1034449701.9603
Haiti,2010,85.5,21,-77,-77,NA,4288035604.42178,1016035882.27122
Haiti,2011,57.5,21,-77,-77,NA,4432974849.90109,1311686990.10427
Haiti,2012,56.2,21,-77,-77,NA,4194505774.66076,1334016383.58563
Haiti,2013,54.8,21,-77,-77,NA,4419888093.5321,1543038541.18116
Haiti,2014,53.5,21,-77,-77,NA,4628023610.71894,1625141740.50619
Haiti,2015,52.2,21,-77,-77,NA,4409818543.52916,1745573767.79091
Honduras,2002,28.2,1,0,7,NA,5074550499.91272,4099844097.05711
Honduras,2003,27.1,1,0,7,NA,5547940676.90343,4403400476.49989
Honduras,2004,26,1,0,7,NA,6757954310.91606,5124949759.3882
Honduras,2005,25,1,0,7,NA,7494273021.08665,5707066081.33573
Honduras,2006,24.1,1,0,7,NA,8356510679.44837,6077299865.45577
Honduras,2007,23.2,1,0,7,83.5889892578125,10012098533.1448,6568499666.26548
Honduras,2008,22.3,1,0,7,NA,11641784770.2826,7077609446.18732
Honduras,2009,21.4,1,0,7,NA,8369540251.17623,5766473847.71713
Honduras,2010,20.7,1,0,7,84.7553634643555,10086959052.8761,7247910834.02575
Honduras,2011,19.9,1,0,7,85.1232986450195,12567100665.5354,9077897775.02894
Honduras,2012,19.2,1,0,7,85.3555526733398,13022905108.1416,9431576950.29279
Honduras,2013,18.6,1,0,7,85.4644165039063,12647245231.8486,8869036740.06819
Honduras,2014,18,1,0,7,87.1975326538086,12923205572.9206,9396713234.73355
Honduras,2015,17.4,1,0,7,87.9068298339844,13027942329.0742,9475880830.43217
India,1992,83.9,1,0,8,NA,27639684528.9706,25486060890.6036
India,1993,81.7,2,0,8,NA,27419390836.078,27466578243.4169
India,1994,79.6,3,0,8,NA,33349576561.3405,32361287610.239
India,1995,77.5,3,0,9,NA,43318430945.9629,39068859788.0594
India,1996,75.4,3,0,9,NA,45357287723.0936,40803024157.2021
India,1997,73.1,3,0,9,NA,49607490116.6092,44459245982.728
India,1998,70.9,3,0,9,NA,53431584653.2041,46426482685.1663
India,1999,68.6,3,0,9,NA,61314619861.4489,52544410650.2485
India,2000,66.4,3,0,9,NA,65124164122.0956,60878396865.5263
India,2001,64.2,3,0,9,61.0145606994629,65218394082.2249,60963525504.4702
India,2002,62,3,0,9,NA,78498577658.6009,73452725999.4092
India,2003,59.9,3,0,9,NA,95071650073.4454,90838365703.7158
India,2004,57.8,3,0,9,NA,139310020965.107,126647719432.562
India,2005,55.8,3,0,9,NA,183736131690.217,160837835640.201
India,2006,53.9,4,0,9,62.7544708251953,229955027127.372,199973922363.783
India,2007,51.9,5,0,9,NA,302803704356.854,253077318576.18
India,2008,50,6,0,9,NA,350927085507.549,288902151603.701
India,2009,48.2,7,0,9,NA,347177602084.154,273751836387.128
India,2010,46.3,7,0,9,NA,449974320818.573,375353472834.938
India,2011,44.4,7,0,9,69.3025588989258,566667153574.074,447383950836.263
India,2012,42.6,7,0,9,NA,571306638044.004,448400543291.471
India,2013,40.9,7,0,9,NA,527555481498.928,472180427427.899
India,2014,39.3,7,0,9,NA,529239679343.382,468346037554.217
India,2015,37.9,7,0,9,NA,465097474655.75,416787832621.795
Iraq,1984,48.7,1,9,0,NA,13883563846.8961,12011257639.1123
Iraq,1985,47.4,2,9,0,NA,14396912190.4149,12141202959.1509
Iraq,1986,46.1,3,NA,NA,NA,NA,NA
Iraq,1987,45.1,4,9,0,NA,14790607912.5121,13146027661.6275
Iraq,1988,44,5,9,0,NA,14258282405.9183,12305242843.358
Iraq,1989,43.1,6,9,0,NA,15012222579.6076,14418140881.3123
Iraq,1990,42.3,7,9,0,NA,13361852685.751,13848182695.4005
Iraq,1991,41.6,8,9,0,NA,NA,NA
Iraq,1992,40.8,9,9,0,NA,NA,NA
Iraq,1993,40.2,10,9,0,NA,NA,NA
Iraq,1994,39.5,11,9,0,NA,NA,NA
Iraq,1995,38.9,12,9,0,NA,NA,NA
Iraq,1996,38.3,13,9,0,NA,NA,NA
Iraq,1997,37.6,14,9,0,NA,NA,NA
Iraq,1998,37,15,9,0,NA,NA,NA
Iraq,1999,36.4,16,9,0,NA,NA,NA
Iraq,2000,35.8,17,9,0,74.0522003173828,NA,NA
Iraq,2001,35.2,18,9,0,NA,NA,NA
Iraq,2002,34.6,19,9,0,NA,NA,NA
Iraq,2003,34.1,20,-66,-66,NA,NA,NA
Iraq,2004,33.5,20,-66,-66,NA,23428329927.5497,20610853097.199
Iraq,2005,33,20,-66,-66,NA,30669639945.6522,27149419157.6087
Iraq,2006,32.4,20,-66,-66,NA,25156254525.3846,33242357811.5201
Iraq,2007,31.8,20,-66,-66,NA,25046687813.933,40777440220.0217
Iraq,2008,31.2,20,-66,-66,NA,40441240775.0574,66238928162.0152
Iraq,2009,30.6,20,-66,-66,NA,43868500000,43994500000
Iraq,2010,30,20,1,4,NA,47207400000,54598900000
Iraq,2011,29.3,20,1,4,NA,51552600000,82505400000
Iraq,2012,28.7,20,1,4,77.1999969482422,63438829971.7356,96898668089.2191
Iraq,2013,27.9,20,1,4,72.6999969482422,84500000000,93100000000
Iraq,2014,27.2,20,0,6,82.1999969482422,86700000000,97000000000
Iraq,2015,26.5,20,0,6,NA,73515935851.3974,62728271351.4641
Ireland,2002,5.4,1,0,10,NA,93775164502.1645,115762642668.925
Ireland,2003,5.1,2,0,10,NA,107935394356.659,132827528668.172
Ireland,2004,4.7,3,0,10,NA,128267312515.52,156134966352.123
Ireland,2005,4.4,4,0,10,NA,145394849023.753,168438063922.398
Ireland,2006,4.1,5,0,10,NA,164680379500.69,183349585121.064
Ireland,2007,3.9,6,0,10,NA,195720899124.008,218046241582.261
Ireland,2008,3.8,7,0,10,NA,207682376299.985,231348890288.56
Ireland,2009,3.6,8,0,10,NA,188490766323.979,220333632814.671
Ireland,2010,3.5,8,0,10,NA,191941883351.537,228856072932.63
Ireland,2011,3.4,8,0,10,NA,201767780344.675,246474987998.536
Ireland,2012,3.4,8,0,10,NA,195811164736.994,235146136455.154
Ireland,2013,3.2,8,0,10,NA,202421947676.548,247284126236.368
Ireland,2014,3.1,8,0,10,NA,237703278468.229,284384975639.34
Ireland,2015,3,8,0,10,NA,271595044488.037,355527858356.201
Israel,2003,4.9,1,1,7,NA,44930721767.1988,43969829384.5107
Israel,2004,4.7,1,1,7,NA,52894466755.9125,52997322623.8286
Israel,2005,4.5,1,1,7,NA,58275508612.4295,58113510261.3811
Israel,2006,4.3,1,1,7,NA,62601328605.4132,62817900264.8234
Israel,2007,4.1,1,1,7,NA,74062461965.3855,72404274482.1207
Israel,2008,3.9,1,1,7,NA,84520345596.4326,83127647714.6042
Israel,2009,3.8,1,1,7,NA,63682323322.2287,68854614347.8371
Israel,2010,3.7,1,1,7,NA,76863044016.0739,81250877580.0854
Israel,2011,3.5,1,1,7,NA,92884848913.1589,92365862638.1878
Israel,2012,3.4,1,1,7,NA,92618369399.4489,92461158743.3595
Israel,2013,3.3,1,1,7,NA,93299669293.8465,98534149105.3358
Israel,2014,3.3,1,1,7,NA,94730390212.204,99559381485.0786
Israel,2015,3.2,1,1,7,NA,84481552909.395,93564341151.7517
Jordan,1990,30,1,5,1,NA,3728039777.00768,2489227060.41886
Jordan,1991,29.1,2,5,1,NA,3469819356.73374,2493170803.34851
Jordan,1992,28.3,3,4,2,NA,4375845837.01089,2677110914.97499
Jordan,1993,27.5,4,4,2,NA,4548564006.35012,2831721749.17015
Jordan,1994,26.8,5,4,2,NA,4447688564.47688,2996135680.54959
Jordan,1995,26.2,5,4,2,NA,4901826484.01826,3479452054.79452
Jordan,1996,25.5,5,4,2,NA,5415937940.76164,3663187588.15233
Jordan,1997,24.9,5,4,2,NA,5185754583.92101,3571932299.01269
Jordan,1998,24.3,5,4,2,NA,5089844851.90409,3548236953.45557
Jordan,1999,23.8,5,4,2,NA,4989985895.62764,3533709449.92948
Jordan,2000,23.2,5,4,2,NA,5795768688.29337,3538928067.70099
Jordan,2001,22.6,5,4,2,NA,6027362482.36953,3781805359.6615
Jordan,2002,22.1,5,4,2,NA,6383638928.0677,4544146685.4725
Jordan,2003,21.5,5,4,2,89.8923187255859,6967136812.41185,4829901269.39351
Jordan,2004,20.9,5,4,2,NA,9406911142.45416,5955712270.80395
Jordan,2005,20.4,6,4,2,91.1307525634766,11859379407.6164,6634978843.44147
Jordan,2006,19.9,7,4,2,NA,13231029619.1819,8111847672.77856
Jordan,2007,19.3,8,5,2,92.199577331543,15700423131.1707,9279830747.53173
Jordan,2008,18.8,9,5,2,NA,19227842750.4579,12415386783.1478
Jordan,2009,18.3,10,5,2,NA,16458591549.2958,11061126760.5634
Jordan,2010,17.8,10,5,2,92.5510406494141,18241408450.7042,12751830985.9155
Jordan,2011,17.3,10,5,2,95.9044494628906,21301126760.5634,13743802816.9014
Jordan,2012,16.8,10,5,2,97.8903198242188,22975492957.7465,14307464788.7324
Jordan,2013,16.3,10,5,2,NA,24172112676.0563,14227605633.8028
Jordan,2014,15.8,10,5,2,NA,24985070422.5352,15524929577.4648
Jordan,2015,15.4,10,5,2,NA,22694225352.1127,14102112676.0563
Kenya,2005,54.3,1,0,8,NA,6739991079.23991,5341992929.56967
Kenya,2006,51.8,2,0,8,NA,8329130883.42986,5935981292.85667
Kenya,2007,49.5,3,0,7,72.1570281982422,10218887779.7188,7004914019.51347
Kenya,2008,46.2,4,0,7,NA,12529038544.1046,8138887724.37561
Kenya,2009,44.3,5,0,7,NA,11414106939.7042,7416382252.55973
Kenya,2010,42.4,5,0,8,NA,13427982209.4778,8262811548.69423
Kenya,2011,40.3,5,0,8,NA,16287456030.1225,9072837988.17261
Kenya,2012,39.2,5,0,8,NA,17915545050.4912,11205421267.8162
Kenya,2013,38,5,0,9,NA,18296306789.4834,10978241559.4459
Kenya,2014,36.6,5,0,9,78.733039855957,20278669096.0872,11243137683.088
Kenya,2015,35.5,5,0,9,NA,17669394011.9273,10608329725.9583
Kuwait,1991,15.3,1,9,0,NA,13839254660.5698,1860710517.05944
Kuwait,1992,14,1,7,0,NA,10766871506.4758,8036810156.78255
Kuwait,1993,13.5,1,7,0,NA,10602648675.4967,11437086423.8411
Kuwait,1994,13.1,1,7,0,NA,10518518518.5185,12636363299.6633
Kuwait,1995,12.7,1,7,0,78.3955001831055,11410857908.8472,14235924932.9759
Kuwait,1996,12.3,1,7,0,NA,12341349365.3975,16466265865.0635
Kuwait,1997,11.9,1,7,0,NA,12017804154.3027,16043521266.0732
Kuwait,1998,11.5,1,7,0,NA,13254593175.853,11377952755.9055
Kuwait,1999,11.1,1,7,0,NA,11879106438.8962,13837056504.5992
Kuwait,2000,10.9,1,7,0,NA,11368970013.0378,21297262059.9739
Kuwait,2001,10.7,1,7,0,NA,12399739158.7871,17900228236.0613
Kuwait,2002,10.6,1,7,0,NA,13961829549.1938,17015465613.6887
Kuwait,2003,10.4,1,7,0,NA,16500000000,24939597315.4362
Kuwait,2004,10.3,1,7,0,NA,19246691550.7296,33831014591.1096
Kuwait,2005,10.1,1,7,0,93.2744598388672,22839041095.8904,51691780821.9178
Kuwait,2006,10,1,7,0,93.2821197509766,24541695382.4948,66560992419.0214
Kuwait,2007,9.8,1,7,0,93.664192199707,32463054187.1921,72698803659.3948
Kuwait,2008,9.7,1,7,0,93.8983001708984,38210565476.1905,98400297619.0476
Kuwait,2009,9.5,1,7,0,NA,31129256428.0751,62977762334.9548
Kuwait,2010,9.2,1,7,0,94.4690093994141,35034891835.3105,76953942777.3901
Kuwait,2011,8.9,1,7,0,NA,39891304347.8261,112775362318.841
Kuwait,2012,8.5,1,7,0,95.5131683349609,45744908896.0343,130085744908.896
Kuwait,2013,8.1,1,7,0,95.585823059082,46579689703.8082,123413258110.014
Kuwait,2014,7.7,1,7,0,NA,51278988053.4083,111412508784.259
Kuwait,2015,7.3,1,7,0,95.6854476928711,51478896643.4031,61598537720.1728
Latvia,2002,12.8,1,0,8,NA,4459957935.42519,3492098681.21874
Latvia,2003,12.2,1,0,8,NA,5717024966.17882,4243382117.82069
Latvia,2004,11.4,1,0,8,NA,7852405359.69819,5617268114.99935
Latvia,2005,10.7,1,0,8,NA,9757172370.87741,7306358431.86061
Latvia,2006,10.1,1,0,8,NA,13006611487.3338,8573077501.88111
Latvia,2007,9.6,1,0,8,NA,17759663520.7222,11881890302.2842
Latvia,2008,9.1,1,0,8,NA,18673335769.6243,14075493348.9256
Latvia,2009,8.6,1,0,8,NA,11573234639.9778,11149110369.7526
Latvia,2010,8.2,1,0,8,NA,13102124010.7903,12751741488.9524
Latvia,2011,7.8,1,0,8,99.8958969116211,17876040111.1419,16458964866.2526
Latvia,2012,7.6,1,0,8,NA,18494488221.7838,17243779187.2293
Latvia,2013,7.4,1,0,8,NA,19316303809.0714,18242441157.7087
Latvia,2014,7.2,1,0,8,NA,19845868386.8274,19206949238.9931
Latvia,2015,6.9,1,0,8,NA,16695260226.326,16449078455.3425
Lebanon,1984,35,1,-77,-77,NA,NA,NA
Lebanon,1985,33.6,2,-77,-77,NA,NA,NA
Lebanon,1986,32.2,3,NA,NA,NA,NA,NA
Lebanon,1987,30.8,4,-77,-77,NA,NA,NA
Lebanon,1988,29.4,5,-77,-77,NA,NA,NA
Lebanon,1989,28.2,6,-77,-77,NA,2489030212.11525,498732254.806986
Lebanon,1990,26.9,14,-66,-66,NA,2836016495.64154,510722596.669521
Lebanon,1991,25.8,15,-66,-66,NA,3748853488.53244,587654401.024749
Lebanon,1992,24.7,16,-66,-66,NA,4207000159.97291,634069545.770351
Lebanon,1993,23.7,17,-66,-66,NA,5334999955.15,728607315.948454
Lebanon,1994,22.7,18,-66,-66,NA,5989999912.98137,755509732.09928
Lebanon,1995,21.8,19,-66,-66,NA,7304200109.96669,1266386350.80794
Lebanon,1996,20.8,20,-66,-66,NA,7563885155.91193,1758689127.46595
Lebanon,1997,19.9,21,-66,-66,NA,7490743747.97012,2289054887.95063
Lebanon,1998,19,21,-66,-66,NA,7063369152.554,2373803864.0435
Lebanon,1999,18.1,21,-66,-66,NA,6391244717.62331,2445876363.86788
Lebanon,2000,17.1,21,-66,-66,NA,6202985074.62687,2447097844.11277
Lebanon,2001,16.1,21,-66,-66,NA,7051409618.5738,2754228855.72139
Lebanon,2002,15.1,21,-66,-66,NA,6692537313.43283,3083250414.5937
Lebanon,2003,14.1,21,-66,-66,NA,7501824212.27197,3361194029.85075
Lebanon,2004,13.1,21,-66,-66,NA,11832129864.3449,7417557506.00332
Lebanon,2005,12.1,21,0,6,NA,12068415010.0829,7873085354.09618
Lebanon,2006,11.2,21,0,6,NA,12218142061.3599,7837807009.68491
Lebanon,2007,10.4,21,0,6,89.6124420166016,15101534372.4046,9221256284.24544
Lebanon,2008,9.7,21,0,6,NA,19824163540.5638,11224076778.8391
Lebanon,2009,9.2,21,0,6,91.1841888427734,20249317982.2222,11751139951.4428
Lebanon,2010,8.7,21,0,6,NA,23094612058.9055,13464256797.7446
Lebanon,2011,8.3,21,0,6,NA,26262779872.8358,14518739635.1575
Lebanon,2012,7.9,21,0,6,NA,26294002587.131,12680893474.8259
Lebanon,2013,7.6,21,0,6,NA,27906587980.0332,12492026092.67
Lebanon,2014,7.3,21,0,6,NA,26962653976.0531,11425578093.5987
Lebanon,2015,7.1,21,0,6,NA,24315275422.2222,11553482873.3002
Lesotho,2000,84.1,1,-88,-88,86.2544326782227,NA,NA
Lesotho,2001,85.2,2,-88,-88,NA,NA,NA
Lesotho,2002,86.3,3,0,8,NA,NA,NA
Lesotho,2003,87.3,4,0,8,NA,NA,NA
Lesotho,2004,87.9,5,0,8,NA,NA,NA
Lesotho,2005,88.1,6,0,8,NA,NA,NA
Lesotho,2006,87.5,7,0,8,NA,NA,NA
Lesotho,2007,84.3,7,0,8,NA,1880617168.64905,895709867.431232
Lesotho,2008,84.5,7,0,8,NA,1911937309.34973,935020711.276812
Lesotho,2009,78.8,7,0,8,75.8002014160156,1986901849.25121,779280149.167424
Lesotho,2010,75.2,7,0,8,NA,2413002180.30206,941418363.975109
Lesotho,2011,71.9,7,0,8,NA,2632900418.73855,1230967664.62864
Lesotho,2012,72.3,7,1,9,NA,2686142421.15197,1035578769.06509
Lesotho,2013,71.9,7,1,9,NA,2251498990.84898,905412758.4735
Lesotho,2014,70.5,7,1,9,76.6352005004883,2151612113.22989,931254344.397016
Lesotho,2015,69.2,7,1,9,NA,2048943837.73288,1012114659.30155
Liechtenstein,2001,NA,1,NA,NA,NA,NA,NA
Liechtenstein,2002,NA,2,NA,NA,NA,NA,NA
Liechtenstein,2003,NA,3,NA,NA,NA,NA,NA
Liechtenstein,2004,NA,4,NA,NA,NA,NA,NA
Liechtenstein,2005,NA,5,NA,NA,NA,NA,NA
Liechtenstein,2006,NA,6,NA,NA,NA,NA,NA
Liechtenstein,2007,NA,7,NA,NA,NA,NA,NA
Liechtenstein,2008,NA,8,NA,NA,NA,NA,NA
Liechtenstein,2009,NA,9,NA,NA,NA,NA,NA
Liechtenstein,2010,NA,9,NA,NA,NA,NA,NA
Liechtenstein,2011,NA,9,NA,NA,NA,NA,NA
Liechtenstein,2012,NA,9,NA,NA,NA,NA,NA
Liechtenstein,2013,NA,9,NA,NA,NA,NA,NA
Liechtenstein,2014,NA,9,NA,NA,NA,NA,NA
Liechtenstein,2015,NA,9,NA,NA,NA,NA,NA
Malawi,2002,88.8,1,1,5,NA,910299895.805214,554447969.766559
Malawi,2003,81.6,1,1,6,NA,984214280.216538,647237088.539395
Malawi,2004,75.5,1,1,7,NA,1133832239.10748,655182957.623617
Malawi,2005,70.7,1,0,6,NA,1437753337.29665,662493075.447225
Malawi,2006,67.1,1,0,6,NA,1468318218.41214,705004282.663118
Malawi,2007,64.5,1,0,6,NA,1468752616.69095,1033381694.9884
Malawi,2008,61.7,1,0,6,NA,2091637229.42984,1205568892.42806
Malawi,2009,59.6,1,0,6,NA,1959765493.18573,1239999506.2582
Malawi,2010,57.5,1,0,6,61.3097190856934,2426167893.9069,1585900946.72818
Malawi,2011,53.8,1,0,6,NA,2241976034.32248,1663004622.54537
Malawi,2012,50.2,1,0,6,NA,2512564932.19754,1579668895.972
Malawi,2013,47.3,1,0,6,NA,2351558270.10052,1968020399.15227
Malawi,2014,45.1,1,0,6,65.1453704833984,2396448729.31199,2038207955.92708
Malawi,2015,43.4,1,0,6,62.1435394287109,2278726548.01045,1858207010.407
Mali,2000,116,1,0,6,NA,973208000.322483,664046686.666396
Mali,2001,112.6,2,0,6,NA,1174335576.3715,911806458.733068
Mali,2002,108.8,3,0,7,NA,1156885512.83939,1092533988.38029
Mali,2003,104.7,4,0,7,24,1545515187.27709,1212062076.36163
Mali,2004,100.6,5,0,7,NA,1722328562.1695,1289098228.83414
Mali,2005,96.7,6,0,7,NA,1945249023.25229,1436228805.52289
Mali,2006,93.2,7,0,7,26.176549911499,2247705912.75386,1963267806.21327
Mali,2007,90.1,8,0,7,NA,2647158117.3576,1967357221.48916
Mali,2008,87.5,9,0,7,NA,3756036384.56267,2463814072.76779
Mali,2009,85,10,0,7,NA,2935591312.15793,2212791857.79003
Mali,2010,82.9,10,0,7,31.0997505187988,3757042067.78453,2441103302.92811
Mali,2011,81,10,0,7,30.6186695098877,4052823342.17507,2953283819.62865
Mali,2012,79.2,10,-77,-77,NA,3889881698.52711,3465870808.52397
Mali,2013,77.6,10,1,6,NA,5280799757.03584,3302796112.5734
Mali,2014,75.9,10,1,6,NA,5470601101.74984,3240063998.70382
Mali,2015,74.5,10,1,6,33.0688896179199,5188968386.86761,3150880397.82818
Malta,2002,6.4,1,NA,NA,NA,5028809028.80903,5235026235.02623
Malta,2003,6.2,2,NA,NA,NA,5830431318.99397,5877887788.77888
Malta,2004,6.1,3,NA,NA,NA,6353388141.50473,6272795216.74141
Malta,2005,6,4,NA,NA,92.3630905151367,6830742444.96953,6674418604.65116
Malta,2006,5.9,5,NA,NA,NA,8570066491.02998,8341989712.70857
Malta,2007,5.9,6,NA,NA,NA,10163701067.6157,10208185053.3808
Malta,2008,5.8,7,NA,NA,NA,13351252380.2549,13328987842.3905
Malta,2009,5.7,8,NA,NA,NA,12727424284.5235,12599194220.6168
Malta,2010,5.6,8,NA,NA,NA,13488267267.6654,13408590746.3874
Malta,2011,5.6,8,NA,NA,93.3073577880859,15049251252.784,15263155484.4098
Malta,2012,5.5,8,NA,NA,NA,14791441089.5542,15219116407.5549
Malta,2013,5.3,8,NA,NA,NA,15303616018.0635,15940739407.6239
Malta,2014,5.2,8,NA,NA,NA,15430495017.9354,16825405606.4833
Malta,2015,5.1,8,NA,NA,NA,15445760124.265,16477061799.6228
Marshall Islands,2000,33.5,1,NA,NA,NA,116285000,33100500
Marshall Islands,2001,33.3,2,NA,NA,NA,114186200,31151900
Marshall Islands,2002,33.2,3,NA,NA,NA,98956900,36065300
Marshall Islands,2003,33,4,NA,NA,NA,113832200,39620500
Marshall Islands,2004,32.7,4,NA,NA,NA,111650000,41888100
Marshall Islands,2005,32.5,4,NA,NA,NA,127259900,46380400
Marshall Islands,2006,32.4,4,NA,NA,NA,125358700,37360700
Marshall Islands,2007,32.2,4,NA,NA,NA,133234000,40685200
Marshall Islands,2008,32.1,4,NA,NA,NA,135985600,44116900
Marshall Islands,2009,31.9,4,NA,NA,NA,152343400,43263000
Marshall Islands,2010,31.8,4,NA,NA,NA,177816700,60740800
Marshall Islands,2011,31.6,4,NA,NA,98.2650833129883,174721700,88380600
Marshall Islands,2012,31.2,4,NA,NA,NA,182491200,100502300
Marshall Islands,2013,30.8,4,NA,NA,NA,200328200,96183600
Marshall Islands,2014,30.2,4,NA,NA,NA,181217100,92178100
Marshall Islands,2015,29.6,4,NA,NA,NA,168548700,82374800
Mauritius,2002,14.2,1,NA,NA,NA,2818319871.83766,2982651358.38729
Mauritius,2003,13.8,1,NA,NA,NA,3147411429.49304,3257692238.76853
Mauritius,2004,13.7,1,NA,NA,NA,3627943342.36413,3508045893.41237
Mauritius,2005,13.8,1,NA,NA,NA,4167180857.19516,3829950976.73599
Mauritius,2006,14,1,NA,NA,NA,4823089368.33175,4107909335.46949
Mauritius,2007,14.1,1,NA,NA,NA,5298319904.70625,4553278596.90806
Mauritius,2008,13.9,1,NA,NA,NA,6435675926.44661,5102134060.61969
Mauritius,2009,13.6,1,NA,NA,NA,5180852195.57069,4352373919.73667
Mauritius,2010,13.3,1,NA,NA,NA,6224223957.58891,5125648055.50863
Mauritius,2011,13.1,1,NA,NA,89.2498397827148,7497875008.70898,6040723193.7574
Mauritius,2012,12.8,1,NA,NA,91.7660064697266,7667254575.70715,6276838602.32945
Mauritius,2013,12.6,1,NA,NA,91.4900283813477,7466076465.56835,5872859218.14641
Mauritius,2014,12.2,1,NA,NA,92.4747619628906,7591504036.36649,6253984115.78755
Mauritius,2015,11.8,1,NA,NA,92.7076034545898,6681832574.08712,5596191312.9302
Mexico,2005,16.7,1,0,8,91.6302719116211,280628576973.545,266557906477.395
Mexico,2006,16.2,2,0,8,91.7345199584961,280595105053.582,266526112833.969
Mexico,2007,15.8,3,0,8,92.7951736450195,308103605534.306,289778188814.26
Mexico,2008,15.4,4,0,8,92.9255981445313,333835150453.292,307483574130.48
Mexico,2009,15,5,0,8,93.4418792724609,259328000666.001,244407308913.309
Mexico,2010,14.4,5,0,8,93.0689392089844,328581153292.181,314142282684.394
Mexico,2011,13.8,5,0,8,93.5199813842773,382867847673.324,366385100577.141
Mexico,2012,13.1,5,0,8,94.228401184082,402385300656.821,387538503663.769
Mexico,2013,12.5,5,0,8,93.9628524780273,413674331349.828,398972729094.895
Mexico,2014,11.9,5,0,8,94.5558776855469,434739905435.396,419247898589.43
Mexico,2015,11.3,5,0,8,94.472282409668,428461575941.899,404586122675.618
Mongolia,2002,42.5,1,NA,NA,NA,946734020.522735,708425456.996203
Mongolia,2003,39.8,1,NA,NA,NA,1083962181.86893,835170861.897535
Mongolia,2004,37.3,1,NA,NA,NA,1405234670.28888,1210933087.5405
Mongolia,2005,34.9,1,NA,NA,NA,1605232631.21152,1483028669.56616
Mongolia,2006,32.7,1,NA,NA,NA,1826066273.67383,2029426100.06008
Mongolia,2007,30.6,1,NA,NA,NA,2467564065.06216,2524671785.76775
Mongolia,2008,28.6,1,NA,NA,NA,3777731776.3995,3037494848.87771
Mongolia,2009,26.8,1,NA,NA,NA,2637353047.33985,2304668257.15766
Mongolia,2010,25,1,NA,NA,98.2570037841797,4074354772.60398,3355976968.51778
Mongolia,2011,23.4,1,NA,NA,NA,7749643979.15854,5470718737.76685
Mongolia,2012,22.1,1,NA,NA,NA,8115246246.99833,5356224605.54811
Mongolia,2013,20.9,1,NA,NA,NA,7728160165.09972,4893217361.06212
Mongolia,2014,19.9,1,NA,NA,NA,6978077038.57121,6388231517.37735
Mongolia,2015,19,1,NA,NA,NA,5245197251.27406,5363184214.94454
Montenegro,2006,8.8,1,0,9,NA,2107656504.83001,1104045916.44712
Montenegro,2007,8.2,1,0,9,NA,3155958116.61648,1582816862.85245
Montenegro,2008,7.4,1,0,9,NA,4219318880.91402,1796439138.71393
Montenegro,2009,6.8,1,0,9,NA,2707481244.79022,1427934148.37455
Montenegro,2010,6.3,1,0,9,NA,2596760264.90066,1533339072.84768
Montenegro,2011,5.7,1,0,9,98.4422073364258,2918516819.57187,1921875173.75591
Montenegro,2012,5.3,1,0,9,NA,2783478093.28023,1785211358.08814
Montenegro,2013,4.9,1,0,9,NA,2743424093.50511,1846366051.26843
Montenegro,2014,4.6,1,0,9,NA,2755675567.95536,1844211505.24777
Montenegro,2015,4.3,1,0,9,NA,2455975812.71497,1707766559.41418
Myanmar,1989,80.1,1,6,0,NA,NA,NA
Myanmar,1990,78.3,2,7,0,NA,NA,NA
Myanmar,1991,76.4,3,7,0,NA,NA,NA
Myanmar,1992,74.6,4,7,0,NA,NA,NA
Myanmar,1993,72.7,5,7,0,NA,NA,NA
Myanmar,1994,70.8,6,7,0,NA,NA,NA
Myanmar,1995,69,7,7,0,NA,NA,NA
Myanmar,1996,67.3,8,7,0,NA,NA,NA
Myanmar,1997,65.6,9,7,0,NA,NA,NA
Myanmar,1998,63.9,10,7,0,NA,NA,NA
Myanmar,1999,62.3,11,7,0,NA,NA,NA
Myanmar,2000,60.7,12,7,0,89.9417572021484,55822092.110987,47983870.8270788
Myanmar,2001,59.2,13,7,0,NA,28936974.9931771,30484464.4074696
Myanmar,2002,57.7,14,7,0,NA,15280128.2547127,19367367.6770846
Myanmar,2003,56.2,15,7,0,NA,16579332.4182804,21726064.4001405
Myanmar,2004,54.7,16,8,0,NA,14912668.7848099,19733138.1633936
Myanmar,2005,53.2,17,8,0,NA,11440182.1875086,21391403.1464477
Myanmar,2006,51.7,18,8,0,NA,13175715.9410337,22782752.4440549
Myanmar,2007,50.2,19,8,0,NA,16046272.1018293,27888285.302884
Myanmar,2008,53.4,20,6,0,NA,21203708.8506465,37137771.7903695
Myanmar,2009,47.3,21,6,0,NA,23880103.285794,37907354.2020232
Myanmar,2010,45.8,22,6,0,NA,7475675574.69153,9704377457.47027
Myanmar,2011,44.5,23,3,0,NA,60518082.1559769,59656394.9353566
Myanmar,2012,43.2,24,3,0,NA,6524981185.85476,6891864384.7412
Myanmar,2013,41.9,24,3,0,NA,11418499287.2454,11834021534.6316
Myanmar,2014,40.7,24,3,0,NA,14508467646.5863,13148404737.4215
Myanmar,2015,39.5,24,-88,-88,NA,20984282134.0064,15582395452.1719
Namibia,2002,48.7,1,0,6,NA,1615858491.37154,1546281764.96817
Namibia,2003,48.1,2,0,6,NA,2587532010.52256,2139539096.06462
Namibia,2004,47.1,3,0,6,NA,2780114571.88414,2630324999.61299
Namibia,2005,45.3,4,0,6,NA,2927229679.36723,2937171229.53784
Namibia,2006,44.1,5,0,6,NA,3315952743.11452,3627795200.47257
Namibia,2007,42.7,6,0,6,76.4865875244141,4878934184.00659,4412593266.52851
Namibia,2008,41.3,7,0,6,NA,5673632486.80579,4612895499.44318
Namibia,2009,39.2,8,0,6,NA,6491229356.71548,4646398527.20771
Namibia,2010,37.5,8,0,6,NA,6834854617.13709,5381379916.23808
Namibia,2011,36,8,0,6,88.2746276855469,7094428000,5619521917.80822
Namibia,2012,35.5,8,0,6,NA,7845428799.82426,5661745893.23635
Namibia,2013,34.3,8,0,6,NA,7252812278.84842,4511001261.52552
Namibia,2014,33.4,8,0,6,NA,7966506847.79902,4850431987.75235
Namibia,2015,32.8,8,0,6,NA,6988721065.99182,4007997810.88194
Nauru,2001,32.6,1,NA,NA,NA,NA,NA
Nauru,2002,32.1,2,NA,NA,NA,NA,NA
Nauru,2003,31.7,3,NA,NA,NA,NA,NA
Nauru,2004,31.5,3,NA,NA,NA,NA,NA
Nauru,2005,31.5,3,NA,NA,NA,NA,NA
Nauru,2006,31.7,3,NA,NA,NA,NA,NA
Nauru,2007,32,3,NA,NA,NA,NA,NA
Nauru,2008,32.2,3,NA,NA,NA,NA,NA
Nauru,2009,32.2,3,NA,NA,NA,NA,NA
Nauru,2010,32,3,NA,NA,NA,22901435.7438563,24663084.647229798
Nauru,2011,31.5,3,NA,NA,NA,44365572.3158829,40421965.8878044
Nauru,2012,31,3,NA,NA,NA,52588162.5077336,69086409.5689833
Nauru,2013,30.4,3,NA,NA,NA,73868882.7331487,88232276.5979276
Nauru,2014,29.7,3,NA,NA,NA,97310199.2105022,83539888.0014688
Nauru,2015,29.1,3,NA,NA,NA,108994092.68658,45760878.6088693
Nicaragua,1992,47.1,1,0,6,NA,954960000,309280000
Nicaragua,1993,45.2,2,0,6,NA,840604575.163399,358807189.542484
Nicaragua,1994,43.3,3,0,6,NA,1002161964.28571,507617767.857143
Nicaragua,1995,41.4,4,0,8,NA,1157042257.63612,666412217.795485
Nicaragua,1996,39.5,4,0,8,NA,1362967812.68524,725843473.621814
Nicaragua,1997,37.6,4,0,8,NA,1693911484.84881,852511351.488659
Nicaragua,1998,37,4,0,8,NA,1746535063.92871,896202984.284783
Nicaragua,1999,34.2,4,0,8,NA,2136873488.56901,899778094.834886
Nicaragua,2000,32.6,4,0,8,NA,2103725752.56107,1026990189.1253
Nicaragua,2001,31.2,4,0,8,76.677131652832,2072738556.06302,1013628825.18336
Nicaragua,2002,29.8,4,0,8,NA,2050197915.78947,984614526.315789
Nicaragua,2003,28.6,4,0,8,NA,2207225622.3517,1102014234.63983
Nicaragua,2004,27.4,4,0,8,NA,2557900747.0182,1336449667.29441
Nicaragua,2005,26.3,4,0,8,78.0029830932617,2987690324.08431,1541276323.25961
Nicaragua,2006,25.3,4,0,8,NA,3790457978.33894,2114713699.51112
Nicaragua,2007,24.4,4,0,9,NA,4451201994.74212,2454454291.67683
Nicaragua,2008,23.5,4,0,9,NA,5295608587.69661,2928933145.4323
Nicaragua,2009,22.7,4,0,9,NA,4399272351.82772,2820029990.9044
Nicaragua,2010,22,4,0,9,NA,5246155719.12869,3544323949.72935
Nicaragua,2011,21.3,4,0,9,NA,6530281881.70868,4400092756.5186
Nicaragua,2012,20.6,4,0,9,NA,7131020482.70034,4999469140.04935
Nicaragua,2013,20,4,0,9,NA,7223494102.60974,4965861472.00155
Nicaragua,2014,19.4,4,0,9,NA,7329047070.56154,5347183432.27178
Nicaragua,2015,18.8,4,0,9,82.6145477294922,7412975844.55989,5113329517.77171
Niger,2002,94.1,1,0,4,NA,523795054.923455,330046103.506487
Niger,2003,90.2,2,0,4,NA,680971775.135009,449528579.045813
Niger,2004,86.2,3,0,4,NA,852298669.581256,535224560.691506
Niger,2005,82.3,4,0,4,28.672420501709,1048787594.92754,631446716.872546
Niger,2006,78.7,5,0,4,NA,1076878296.22324,659142332.203268
Niger,2007,75.2,6,0,4,NA,1284232498.47475,747917443.89555
Niger,2008,71.9,7,0,4,NA,1928301816.88336,957983302.11813
Niger,2009,68.9,8,0,4,NA,2528836605.38224,1096776844.22441
Niger,2010,66.1,8,0,4,NA,2809990350.58568,1271701625.04422
Niger,2011,63.7,8,0,4,NA,3066192805.64916,1341103064.77131
Niger,2012,61.6,8,0,4,30.5603904724121,2734144775.47235,1518741429.05748
Niger,2013,59.8,8,0,4,NA,2997572632.18253,1736106080.10169
Niger,2014,58.4,8,0,4,NA,3237513339.88612,1732628475.3594
Niger,2015,57.1,8,1,8,NA,2949969001.33552,1319664389.59697
Nigeria,1994,124.4,1,0,8,NA,3217518984.31523,4584122396.71002
Nigeria,1995,123.4,2,0,8,NA,6773530071.0631,10643648146.6742
Nigeria,1996,121.9,3,6,0,NA,8801910405,11760052946.25
Nigeria,1997,119.9,4,6,0,NA,12422516649.0017,15602035798.6197
Nigeria,1998,117.5,5,6,0,NA,11540302687.5,9907407840.90909
Nigeria,1999,114.8,6,1,6,NA,7791764870.6222,12666750049.0047
Nigeria,2000,112,7,1,6,NA,9009124610.97787,25017710170.2798
Nigeria,2001,109,8,1,6,NA,15864368093.3334,20914287341.7824
Nigeria,2002,105.9,9,1,6,NA,16020476815.0462,22167396759.1157
Nigeria,2003,102.9,10,1,6,54.7731781005859,23692877634.9921,28065394964.8049
Nigeria,2004,99.8,11,1,7,NA,15878147174.3122,27623348089.3685
Nigeria,2005,96.6,12,1,7,NA,21181013076.4361,37047965134.0742
Nigeria,2006,93.4,13,1,7,70.1983489990234,30812594225.3386,69688762821.6339
Nigeria,2007,90.3,14,1,7,NA,49889888791.7392,58532798127.4656
Nigeria,2008,87.3,15,1,7,51.0776596069336,50982563652.928,86517259524.5727
Nigeria,2009,84.3,16,3,0,NA,50869959017.2577,54378278592.5211
Nigeria,2010,81.5,16,1,4,NA,64169884762.2723,93240368002.2356
Nigeria,2011,78.8,16,1,7,NA,88882647550.136,129735238566.348
Nigeria,2012,76.2,16,1,7,NA,59653564658.659,144917468548.452
Nigeria,2013,73.8,16,1,7,NA,66940227587.1012,92950933817.8082
Nigeria,2014,71.5,16,1,7,NA,70778502339.2868,104803495811.485
Nigeria,2015,69.4,16,1,7,NA,52753934758.4679,52753773408.1687
Pakistan,1990,106.1,1,0,8,NA,8100453419.34278,5917028934.69827
Pakistan,1991,104.3,2,0,8,NA,8434856856.74946,7725443913.95311
Pakistan,1992,102.5,3,0,8,NA,9984100401.52539,8442727144.32719
Pakistan,1993,100.7,4,0,8,NA,11552179554.512,8394297012.57376
Pakistan,1994,98.9,5,0,8,NA,9883119861.97772,8449775780.2813
Pakistan,1995,97.1,9,0,8,NA,11777203672.1098,10132260947.2744
Pakistan,1996,95.2,10,0,8,NA,13567618581.1477,10703064802.2602
Pakistan,1997,93.3,11,0,7,NA,12967591818.8947,10040494157.2716
Pakistan,1998,91.4,12,0,7,42.6993103027344,10900343051.9781,10252214043.9952
Pakistan,1999,89.5,13,6,0,NA,10684436233.8005,9668690514.20587
Pakistan,2000,87.7,13,6,0,NA,10862333897.0766,9940178787.14665
Pakistan,2001,86,13,6,0,NA,11361301958.09,10600274819.6496
Pakistan,2002,84.4,13,5,0,NA,11073075673.9201,11007713543.3582
Pakistan,2003,82.9,14,5,0,NA,13423663991.8047,13917671162.7113
Pakistan,2004,81.4,15,5,0,NA,14337311099.531,15350078165.7113
Pakistan,2005,80,15,5,0,49.8736381530762,21422766419.1275,17180327371.7266
Pakistan,2006,78.7,16,5,0,54.1512107849121,29577339842.2229,19400851368.1031
Pakistan,2007,77.4,17,0,2,52.1368293762207,30135517579.188,20137183305.7911
Pakistan,2008,76.1,18,0,5,55.5263710021973,39478276162.5351,21059563684.6186
Pakistan,2009,74.8,19,0,5,54.8926391601563,33085901223.3386,20843801712.9033
Pakistan,2010,73.5,20,0,6,55.3751907348633,34286260751.8489,23946181767.915
Pakistan,2011,72.1,21,0,6,54.7380218505859,40524442875.8579,29831048429.9786
Pakistan,2012,70.6,22,0,6,56.7643394470215,45794092923.3504,27816080760.866
Pakistan,2013,69.1,23,0,7,55.5949897766113,46374225334.6554,30699243926.6237
Pakistan,2014,67.4,24,0,7,56.9771499633789,45594469822.3761,29916086156.5945
Pakistan,2015,65.8,25,0,7,NA,46130526984.1145,28690885214.612
Panama,1987,28.1,1,8,0,NA,3497613100,3233834800
Panama,1988,27.2,2,8,0,NA,2824846900,2940126900
Panama,1989,26.4,3,0,8,NA,3393593400,3092916000
Panama,1990,25.7,4,0,8,88.7798614501953,4137057400,3699099600
Panama,1991,25.1,4,0,8,NA,5369275600,4552713300
Panama,1992,24.6,4,0,8,NA,6315044100,5336629500
Panama,1993,24.2,4,0,8,NA,6641440500,5626006400
Panama,1994,23.8,4,0,9,NA,7264372200,6185029900
Panama,1995,23.5,4,0,9,NA,7664630500,6399816900
Panama,1996,23.3,4,0,9,NA,8362252100,7036371500
Panama,1997,23,4,0,9,NA,9433963500,8220258000
Panama,1998,22.7,4,0,9,NA,9678913600,7831147900
Panama,1999,22.3,4,0,9,NA,8470864100,6896505400
Panama,2000,21.9,4,0,9,91.8996200561523,8856300400,7629852800
Panama,2001,21.4,4,0,9,NA,8496734500,7768180900
Panama,2002,20.9,4,0,9,NA,8343913600,7489896100
Panama,2003,20.4,4,0,9,NA,8264774200,7441313900
Panama,2004,19.9,4,0,9,NA,9891553000,8672878000
Panama,2005,19.4,4,0,9,NA,11657508000,10561613900
Panama,2006,19,4,0,9,NA,13011610600,12004967500
Panama,2007,18.5,4,0,9,NA,16634663800,15217763500
Panama,2008,18,4,0,9,NA,22290430500,19644078100
Panama,2009,17.5,4,0,9,NA,18755578500,18931148600
Panama,2010,17,4,0,9,94.0941162109375,23031700000,20620600000
Panama,2011,16.5,4,0,9,NA,29225600000,27135200000
Panama,2012,16,4,0,9,NA,33503000000,30399600000
Panama,2013,15.5,4,0,9,NA,33047400000,29713700000
Panama,2014,15.1,4,0,9,NA,31816500000,27635300000
Panama,2015,14.6,4,0,9,NA,28263800000,25793700000
Paraguay,1995,31.8,1,0,7,NA,5100987429.01244,5598134199.44779
Paraguay,1996,30.9,2,0,7,NA,4923048704.54733,5162446921.68941
Paraguay,1997,30.1,3,0,7,NA,4729946871.69974,4830120259.01573
Paraguay,1998,29.3,3,0,6,NA,4349322682.86332,5059911869.98669
Paraguay,1999,28.5,4,0,7,NA,3071972019.70459,3781642164.42722
Paraguay,2000,27.7,5,0,7,NA,3127286332.03781,3837259043.41216
Paraguay,2001,26.9,6,0,7,NA,2715523959.63886,3452915687.14031
Paraguay,2002,26.1,7,0,7,92.8096084594727,2300391879.16575,3416430254.76448
Paraguay,2003,25.3,8,0,8,NA,2613734808.47838,3626068858.76214
Paraguay,2004,24.6,9,0,8,NA,3312407416.82261,4397197654.93139
Paraguay,2005,23.8,10,0,8,NA,4018871464.73617,5110362042.55377
Paraguay,2006,23.1,11,0,8,NA,5162332823.6011,6216897492.09468
Paraguay,2007,22.4,12,0,8,94.558219909668,6361512107.01215,7745144667.62331
Paraguay,2008,21.7,13,1,9,93.2920837402344,8922924417.10435,9795842928.27075
Paraguay,2009,21,14,1,9,93.7542419433594,6959719028.03262,8095869369.50587
Paraguay,2010,20.4,14,1,9,93.8709182739258,10212594702.953,11002312080.3547
Paraguay,2011,19.8,14,1,9,NA,12553181823.5282,13219661068.384
Paraguay,2012,19.2,14,1,9,94.1974716186523,11876723611.1634,12273695529.7133
Paraguay,2013,18.6,14,0,9,95.0590362548828,12912072694.7892,14343221253.7108
Paraguay,2014,18.1,14,0,9,95.0348129272461,13216597410.1919,14021956331.3024
Paraguay,2015,17.5,14,0,9,95.5548400878906,11396506077.8765,11934366475.136
Peru,1994,45.4,1,2,3,NA,7249134948.09689,5732107084.3198
Peru,1995,42.5,1,2,3,NA,9770813015.33824,6717350828.9742
Peru,1996,39.7,2,2,3,NA,10132013201.3201,7357698732.83625
Peru,1997,36.9,3,2,3,NA,11043543543.5435,8418168168.16817
Peru,1998,34.3,4,2,3,NA,10684099132.9282,7605311667.91835
Peru,1999,31.8,4,2,3,NA,8937804697.88743,7727286157.48264
Peru,2000,29.6,4,-88,-88,NA,9712312673.71558,8676752915.55632
Peru,2001,27.6,4,0,9,NA,9606339614.03609,8637724124.16978
Peru,2002,25.7,5,0,9,NA,9845922051.34036,9462717116.29758
Peru,2003,24.1,6,0,9,NA,10929811450.9083,11167509772.3615
Peru,2004,22.6,7,0,9,87.6698532104492,12701974339.4458,15298201417.7749
Peru,2005,21.3,8,0,9,87.9086685180664,15598932265.5989,20421330421.3304
Peru,2006,20.1,9,0,9,88.6993408203125,18835277591.1562,27068649606.0588
Peru,2007,19,10,0,9,89.5908126831055,24690635985.938,32206455736.6571
Peru,2008,18,11,0,9,NA,34605420554.3593,35836836528.9313
Peru,2009,17.1,12,0,9,NA,26182192417.5022,31948077816.878
Peru,2010,16.3,12,0,9,NA,35180701568.0861,41051644189.5862
Peru,2011,15.6,12,0,9,NA,43774372753.3495,52392070004.7202
Peru,2012,14.9,12,0,9,93.8417282104492,48490294206.8547,52881407340.0061
Peru,2013,14.2,12,0,9,NA,50251304637.4773,49908212739.1835
Peru,2014,13.6,12,0,9,93.7079467773438,48683691440.6481,45392391687.2138
Peru,2015,13.1,12,0,9,94.1623382568359,45316857178.7464,40404471800.0251
Romania,2002,21.6,1,0,8,97.2975921630859,13680350930.2677,11061866585.993
Romania,2003,20.6,2,0,8,NA,18478885542.1687,13996536144.5783
Romania,2004,19.5,3,0,9,NA,26152373073.5055,19300916138.1254
Romania,2005,18.2,3,0,9,NA,34286508562.9955,24155609705.8723
Romania,2006,16.7,3,0,9,NA,45041616233.5351,30226593093.6276
Romania,2007,15.3,3,0,9,NA,67729155559.2011,43141451010.9503
Romania,2008,14,3,0,9,NA,83624042240.6606,56054468220.2549
Romania,2009,13,3,0,9,NA,56495294001.9021,45308070704.7519
Romania,2010,12.1,3,0,9,NA,64556688379.1183,53854746845.401
Romania,2011,11.5,3,0,9,98.6042861938477,78586793938.2011,67931903168.6676
Romania,2012,10.9,3,0,9,NA,72815725736.6934,64042731099.7059
Romania,2013,10.5,3,0,9,NA,77623245890.802,76137353886.8355
Romania,2014,10.1,3,NA,9,NA,83052699152.0363,82174728293.3238
Romania,2015,9.7,3,0,9,NA,74073919664.4781,72968370072.6465
Rwanda,2013,34.7,1,3,0,NA,2433689123.40173,1073961239.39898
Rwanda,2014,32.7,1,3,0,70.8041305541992,1923390036.42528,1167119373.32747
Rwanda,2015,31.1,1,3,0,NA,2227506586.00649,1365280118.512
Samoa,2002,17.5,1,NA,NA,NA,151439161.362785,96313711.3728652
Samoa,2003,17.1,2,NA,NA,NA,150629650.685364,103683595.477228
Samoa,2004,16.8,3,NA,NA,NA,177223283.644762,118514906.571489
Samoa,2005,16.5,4,NA,NA,NA,227382909.640999,136058037.855588
Samoa,2006,16.4,5,NA,NA,NA,264236822.221423,148046270.643687
Samoa,2007,16.2,6,NA,NA,NA,309667927.845295,167537032.790644
Samoa,2008,16.1,7,NA,NA,NA,295173247.106875,178694538.990999
Samoa,2009,17,8,NA,NA,NA,301333821.590743,175821407.646111
Samoa,2010,16,8,NA,NA,NA,345937110.883442,188534321.06549
Samoa,2011,16,8,NA,NA,98.973258972168,395919829.10279,211276828.348831
Samoa,2012,15.8,8,NA,NA,NA,436751151.673186,215950586.701434
Samoa,2013,15.6,8,NA,NA,NA,397646417.786336,222372576.480371
Samoa,2014,15.4,8,NA,NA,NA,421521226.212004,219827047.274606
Samoa,2015,15,8,NA,NA,NA,391421682.273834,223684831.48385
San Marino,2000,4.9,1,NA,NA,NA,NA,NA
San Marino,2001,4.6,2,NA,NA,NA,NA,NA
San Marino,2002,4.3,3,NA,NA,NA,NA,NA
San Marino,2003,4.1,4,NA,NA,NA,NA,NA
San Marino,2004,3.9,5,NA,NA,NA,NA,NA
San Marino,2005,3.7,6,NA,NA,NA,NA,NA
San Marino,2006,3.6,7,NA,NA,NA,NA,NA
San Marino,2007,3.4,8,NA,NA,NA,NA,NA
San Marino,2008,3.3,9,NA,NA,NA,NA,NA
San Marino,2009,3.2,10,NA,NA,NA,NA,NA
San Marino,2010,3.1,10,NA,NA,NA,NA,NA
San Marino,2011,3,10,NA,NA,NA,NA,NA
San Marino,2012,2.9,10,NA,NA,NA,NA,NA
San Marino,2013,2.8,10,NA,NA,NA,NA,NA
San Marino,2014,2.7,10,NA,NA,NA,NA,NA
San Marino,2015,2.6,10,NA,NA,NA,1419394771.21029,2476172231.70798
Saudi Arabia,1991,32.8,1,10,0,NA,48117222963.9519,50652603471.2951
Saudi Arabia,1992,30.3,1,10,0,70.821647644043,49331375166.8892,53610680907.8772
Saudi Arabia,1993,28.2,1,10,0,NA,44483311081.4419,45678237650.2003
Saudi Arabia,1994,26.4,1,10,0,NA,35240587449.9332,45960747663.5514
Saudi Arabia,1995,24.8,1,10,0,NA,39711615487.3164,53521228304.4059
Saudi Arabia,1996,23.4,1,10,0,NA,42253404539.3858,63501201602.1362
Saudi Arabia,1997,22.1,2,10,0,NA,43199465954.6061,64989052069.4259
Saudi Arabia,1998,21.1,3,10,0,NA,38830933333.3333,43493066666.6667
Saudi Arabia,1999,20.2,4,10,0,NA,37485333333.3333,56061600000
Saudi Arabia,2000,19.4,5,10,0,79.3509368896484,46926133333.3333,82259466666.6667
Saudi Arabia,2001,18.7,6,10,0,NA,44058400000,72980533333.3333
Saudi Arabia,2002,18.2,7,10,0,NA,44830400000,77641333333.3333
Saudi Arabia,2003,17.6,8,10,0,NA,51744266666.6667,98956800000
Saudi Arabia,2004,17.2,10,10,0,82.8577423095703,62350400000,131920533333.333
Saudi Arabia,2005,16.8,11,10,0,NA,81797389981.5858,187388647220.517
Saudi Arabia,2006,16.4,12,10,0,NA,113494793057.41,225506542056.075
Saudi Arabia,2007,16,12,10,0,NA,145279252835.223,249318478985.991
Saudi Arabia,2008,15.5,12,10,0,NA,176684800000,322853600000
Saudi Arabia,2009,15.1,12,10,0,NA,162069066666.667,202056266666.667
Saudi Arabia,2010,14.7,12,10,0,NA,174202933333.333,261831200000
Saudi Arabia,2011,14.2,12,10,0,NA,197977066666.667,376224266666.667
Saudi Arabia,2012,13.8,12,10,0,NA,215206018933.333,399419733333.333
Saudi Arabia,2013,13.3,12,10,0,94.4263381958008,229900800000,387643939066.667
Saudi Arabia,2014,12.9,12,10,0,NA,255383052346.667,354541430160
Saudi Arabia,2015,12.5,12,10,0,NA,253554611626.667,218010394720
Senegal,2000,68.5,1,0,8,NA,2204811884.18772,1654350828.25088
Senegal,2001,66.4,2,0,8,NA,2331906706.67366,1773819370.19679
Senegal,2002,63.9,3,0,8,39.2752494812012,2631131818.58746,1927765449.25725
Senegal,2003,61.3,4,0,8,NA,3363575396.29625,2311722942.6757
Senegal,2004,58.8,4,0,8,NA,4043461409.83046,2759309509.56757
Senegal,2005,56.3,4,0,8,NA,4676341958.87865,2978080165.03747
Senegal,2006,54,4,0,8,41.8911514282227,5106120395.28,3036158353.35188
Senegal,2007,51.9,4,0,7,NA,5399143024.30296,2871511233.40903
Senegal,2008,50,4,0,7,NA,7018384999.01631,3497613806.71466
Senegal,2009,48.3,4,0,7,48.0367813110352,5273903541.8859,3116968874.36167
Senegal,2010,46.7,4,0,7,NA,5209793241.35302,3218800216.57485
Senegal,2011,45.3,4,0,7,51.8145484924316,6428780902.47907,3792732561.96411
Senegal,2012,44.1,4,0,7,NA,6951785963.66356,3967114126.29714
Senegal,2013,43.1,4,0,7,43.5345001220703,7216282514.09801,4209550908.7272
Senegal,2014,42.3,4,0,7,NA,7258511418.46409,4311504862.81418
Senegal,2015,41.7,4,0,7,NA,6298158510.73313,4030818402.27451
Sierra Leone,2000,143.3,1,-77,-77,NA,250503322.020936,115314755.508819
Sierra Leone,2001,140.5,2,-88,-88,NA,300799536.792287,85492032.3238426
Sierra Leone,2002,137.7,3,0,5,NA,373951405.431158,107153406.383992
Sierra Leone,2003,134.6,4,0,5,NA,443246731.121428,192923463.520593
Sierra Leone,2004,131.4,4,0,5,34.826789855957,421775811.646244,238584015.103839
Sierra Leone,2005,128.1,4,0,5,NA,483591170.019942,290042436.853011
Sierra Leone,2006,124.5,4,0,5,NA,472171800.540003,317931420.720122
Sierra Leone,2007,120.5,4,1,8,NA,532971850.529371,336802821.452521
Sierra Leone,2008,116.2,4,1,8,NA,643759697.04258,338717766.509754
Sierra Leone,2009,111.7,4,1,8,NA,685540147.386765,331270804.719921
Sierra Leone,2010,107,4,1,8,NA,888970139.545699,432978661.228543
Sierra Leone,2011,102.3,4,1,8,NA,1896478864.56106,478655062.615394
Sierra Leone,2012,97.9,4,1,8,NA,2295138524.33045,1251015326.47876
Sierra Leone,2013,93.8,4,1,8,32.4261703491211,2894443249.83241,1408534692.48268
Sierra Leone,2014,90.2,4,1,8,NA,2629234393.47685,1542664519.09205
Sierra Leone,2015,87.1,4,1,8,NA,2001365444.38534,816852288.770686
Slovenia,2001,4.3,1,0,9,NA,11020069693.9783,10802787364.2646
Slovenia,2002,4.1,2,0,9,NA,12057382344.1397,12290189725.6858
Slovenia,2003,3.9,3,0,9,NA,15208840217.5171,15114768714.5667
Slovenia,2004,3.7,3,0,9,99.6999969482422,19444956153.4629,18946986547.0852
Slovenia,2005,3.5,3,0,9,NA,21887253575.4259,21655505534.1375
Slovenia,2006,3.3,3,0,10,NA,25630375737.0468,25611438840.7979
Slovenia,2007,3.2,3,0,10,NA,33233888584.7249,32595880919.792
Slovenia,2008,3,3,0,10,NA,38008065621.7958,36838676285.3376
Slovenia,2009,2.8,3,0,10,NA,28134379272.02,28842909280.3557
Slovenia,2010,2.7,3,0,10,NA,30445932973.1529,30955558524.5667
Slovenia,2011,2.6,3,0,10,NA,35562139668.336,36188777060.276
Slovenia,2012,2.4,3,0,10,NA,32370084187.0804,33953235709.5434
Slovenia,2013,2.3,3,0,10,NA,33658620794.9074,35922181063.5595
Slovenia,2014,2.2,3,0,10,99.6999969482422,34650900285.3525,38023086765.4602
Slovenia,2015,2.1,3,0,10,NA,29795638642.6827,33243498678.7445
Somalia,2013,90.1,1,0,5,NA,NA,NA
Somalia,2014,87.4,1,0,5,NA,NA,NA
Somalia,2015,85,1,0,5,NA,NA,NA
South Africa,2000,54,1,0,9,NA,33107014894.941,37034201374.3376
South Africa,2001,54.5,2,0,9,NA,30897295915.9968,35694721925.3821
South Africa,2002,54.7,3,0,9,NA,32316354701.3007,36701262724.487
South Africa,2003,54.1,4,0,9,NA,42967335122.3446,47117929329.6496
South Africa,2004,52.8,5,0,9,NA,58544050033.2833,58215242193.9099
South Africa,2005,51.5,6,0,9,NA,68831632412.3724,68172283112.9212
South Africa,2006,50,7,0,9,NA,84217086317.6549,79519161190.2828
South Africa,2007,48.6,8,0,9,88.7172470092773,97337695517.6427,93339341982.0024
South Africa,2008,46.6,9,0,9,NA,106801554253.619,102154408560.5
South Africa,2009,41.1,10,0,9,92.8948593139648,81401394904.2331,82601460991.0665
South Africa,2010,38.2,10,0,9,92.8773193359375,102747227230.509,107407119051.522
South Africa,2011,37.1,10,0,9,93.1021423339844,123475231025.602,126845106113.399
South Africa,2012,36.8,10,0,9,93.7294692993164,123559970279.784,117805454390.431
South Africa,2013,35.3,10,0,9,NA,122045674110.381,113611981865.661
South Africa,2014,34.4,10,0,9,94.1399002075195,115678696654.494,110424915818.303
South Africa,2015,33.6,10,0,9,94.367919921875,99936709357.1333,95771761550.3463
Sri Lanka,2008,10.2,1,1,7,90.5579528808594,15686037044.7635,10113916432.36
Sri Lanka,2009,9.7,2,1,6,NA,11703147945.7966,8972037012.54863
Sri Lanka,2010,9.4,3,1,4,91.1813583374023,15209062084.0317,11091200155.6634
Sri Lanka,2011,9.1,4,1,4,NA,22256822218.926,13644121296.7552
Sri Lanka,2012,8.9,5,1,4,NA,21677008606.3538,13561292253.9682
Sri Lanka,2013,8.7,6,1,4,NA,21505636520.0009,15101674298.2436
Sri Lanka,2014,8.6,7,1,4,NA,23142023456.5698,16735293069.2599
Sri Lanka,2015,8.4,8,1,7,NA,23008993742.6807,16937418651.537
St. Vincent and the Grenadines,2002,19.2,1,NA,NA,NA,214818888.888889,178312814.814815
St. Vincent and the Grenadines,2003,19.2,2,NA,NA,NA,241392481.481481,172849111.111111
St. Vincent and the Grenadines,2004,19.1,3,NA,NA,NA,272195888.888889,184518296.296296
St. Vincent and the Grenadines,2005,19.2,4,NA,NA,NA,291193481.481481,200544555.555556
St. Vincent and the Grenadines,2006,19.2,5,NA,NA,NA,325853296.296296,211994444.444444
St. Vincent and the Grenadines,2007,19.2,6,NA,NA,NA,402115666.666667,212220185.185185
St. Vincent and the Grenadines,2008,19,7,NA,NA,NA,430817222.222222,210168333.333333
St. Vincent and the Grenadines,2009,18.8,8,NA,NA,NA,388043629.62963,192307703.703704
St. Vincent and the Grenadines,2010,18.6,8,NA,NA,NA,389200000,183200000
St. Vincent and the Grenadines,2011,18.2,8,NA,NA,NA,376600000,182800000
St. Vincent and the Grenadines,2012,17.8,8,NA,NA,NA,402100000,188300000
St. Vincent and the Grenadines,2013,17.4,8,NA,NA,NA,NA,NA
St. Vincent and the Grenadines,2014,17,8,NA,NA,NA,NA,NA
St. Vincent and the Grenadines,2015,16.6,8,NA,NA,NA,NA,NA
Sudan,1997,72.3,1,7,0,NA,1461937107.31738,624215840.57879
Sudan,1998,70.9,2,7,0,NA,1707017031.87251,754007519.920319
Sudan,1999,69.4,3,7,0,NA,1808999881.21164,831000039.59612
Sudan,2000,67.8,4,7,0,61.3458709716797,1644905997.19975,1959294026.13566
Sudan,2001,66.2,5,7,0,NA,1686823734.05489,1502577773.4828
Sudan,2002,64.6,6,6,0,NA,2578329193.72603,2069337700.80893
Sudan,2003,63,7,6,0,NA,3029863859.29956,2616599317.9554
Sudan,2004,61.4,8,6,0,NA,4298436082.35431,3810409600.24815
Sudan,2005,59.9,9,4,0,NA,7533463158.32683,5086917942.61319
Sudan,2006,58.5,10,4,0,NA,9554284641.95257,6832645406.4011
Sudan,2007,57.1,11,4,0,NA,10403689995.5359,10045701106.0959
Sudan,2008,55.8,12,4,0,53.5173797607422,10681493302.0764,13138471581.6668
Sudan,2009,54.5,13,4,0,NA,9990560728.5796,7977568937.35196
Sudan,2010,53.3,14,3,1,NA,10150422751.7294,10577209838.5857
Sudan,2011,52.2,15,4,0,NA,9989480040.68142,8291793796.08441
Sudan,2012,51.1,16,4,0,NA,8179796228.05116,4864665076.95643
Sudan,2013,49.9,17,4,0,NA,8594880431.12159,5103688110.47491
Sudan,2014,48.8,18,4,0,NA,7344719726.61633,5292192581.16078
Sudan,2015,47.6,19,4,0,NA,8111899876.37485,6078941666.77287
Sweden,2001,3.4,1,0,10,NA,91304566709.5875,104038105933.721
Sweden,2002,3.3,2,0,10,NA,95989771081.7389,110067473888.529
Sweden,2003,3.2,3,0,10,NA,116750182407.281,134823837849.202
Sweden,2004,3.1,4,0,10,NA,138259331328.498,164409367388.317
Sweden,2005,3,5,0,10,NA,151929587453.667,176558857769.868
Sweden,2006,2.8,6,0,10,NA,172232793906.373,200916212626.386
Sweden,2007,2.7,7,0,10,NA,204124400781.204,233886636681.068
Sweden,2008,2.6,8,0,10,NA,225084280317.398,254126018418.777
Sweden,2009,2.5,9,0,10,NA,166123624866.08,189692701664.533
Sweden,2010,2.5,9,0,10,NA,196190670652.162,221523364067.805
Sweden,2011,2.4,9,0,10,NA,232621994257.886,259899243504.959
Sweden,2012,2.4,9,0,10,NA,222400808657.397,248769750722.6
Sweden,2013,2.4,9,0,10,NA,224695020933.209,249565101475.469
Sweden,2014,2.4,9,0,10,NA,230849822578.612,251793490103.538
Sweden,2015,2.4,9,0,10,NA,201824555274.655,221067597699.186
Switzerland,2001,4.7,1,NA,NA,NA,126148528857.549,141793623014.932
Switzerland,2002,4.6,2,NA,NA,NA,127246262543.308,147504305594.765
Switzerland,2003,4.4,3,NA,NA,NA,146182464914.235,169781826316.18
Switzerland,2004,4.4,4,NA,NA,NA,167604367832.73,202880148130.277
Switzerland,2005,4.3,5,NA,NA,NA,190201338178.606,219835928927.08
Switzerland,2006,4.2,6,NA,NA,NA,206957086217.898,243432423911.31
Switzerland,2007,4.1,7,NA,NA,NA,239991125624.792,294204136037.987
Switzerland,2008,4,8,NA,NA,NA,288924445018.927,347370612316.499
Switzerland,2009,3.9,9,NA,NA,NA,269127172134.914,309906630456.759
Switzerland,2010,3.9,9,NA,NA,NA,311077560877.349,373420687857.23
Switzerland,2011,3.8,9,NA,NA,NA,398974964179.191,457983317764.484
Switzerland,2012,3.7,9,NA,NA,NA,378438382206.726,447813754987.545
Switzerland,2013,3.6,9,NA,NA,NA,412218525459.393,495206231662.519
Switzerland,2014,3.5,9,NA,NA,NA,372933612544.604,455817951895.791
Switzerland,2015,3.4,9,NA,NA,NA,343410804203.077,422965463953.971
Tajikistan,2000,74.3,1,3,2,99.45068359375,762413909.357993,746520252.372008
Tajikistan,2001,69.7,2,3,2,NA,848579377.792766,736447179.833066
Tajikistan,2002,65.3,3,3,2,NA,926522195.289606,766976592.742665
Tajikistan,2003,61,4,4,1,NA,1146860913.30764,994316325.863984
Tajikistan,2004,57.3,4,4,1,NA,1444874600.23565,1219659989.90069
Tajikistan,2005,54.1,4,4,1,NA,1682281973.94597,1254251427.83803
Tajikistan,2006,51.4,4,4,1,NA,2349017705.55421,1645949551.2976
Tajikistan,2007,49.2,4,4,1,NA,3707189542.48366,1705737109.65868
Tajikistan,2008,47.4,4,4,1,NA,4153088291.01933,1755618386.91812
Tajikistan,2009,46,4,4,1,NA,3062736862.43271,1218528978.6854
Tajikistan,2010,44.7,4,4,1,NA,3303722311.02992,842886503.767984
Tajikistan,2011,43.3,4,4,1,NA,4131274131.27413,1072838488.56883
Tajikistan,2012,42.1,4,4,1,NA,5030077885.894,1318783375.8997
Tajikistan,2013,40.9,4,4,1,NA,5124470005.45737,936778472.776122
Tajikistan,2014,39.7,4,4,1,99.8000030517578,4140473104.34219,835628645.495788
Tajikistan,2015,38.5,4,4,1,NA,3317810841.94642,823936006.230631
Tanzania,2002,71.4,1,3,2,69.4309005737305,1868591542.18345,2019020391.32085
Tanzania,2003,67,2,3,2,NA,2336989595.14416,2297025915.06897
Tanzania,2004,62.7,3,3,2,NA,2927990514.02746,2674833271.73611
Tanzania,2005,58.7,4,3,2,NA,3675376181.71192,3124777521.31169
Tanzania,2006,55.2,5,3,2,NA,4541767353.94201,3434320449.31704
Tanzania,2007,51.5,6,3,2,NA,6165940956.62333,4331708455.86331
Tanzania,2008,48.3,7,3,2,NA,8259952207.26673,5438641595.59699
Tanzania,2009,45.6,8,3,2,NA,7368748906.69403,5291151823.37329
Tanzania,2010,42.4,8,3,2,67.8006973266602,8974526067.2119,6277203237.56046
Tanzania,2011,40.4,8,3,2,NA,11967748602.0911,7497823405.03292
Tanzania,2012,38.8,8,3,2,78.1005935668945,12687185275.9881,8870644645.28173
Tanzania,2013,37.6,8,3,2,NA,13529848054.6971,8684876050.83966
Tanzania,2014,36.2,8,3,2,NA,13633798317.78,9028242341.06284
Tanzania,2015,35.2,8,1,4,77.8872299194336,11206350524.1311,8104067362.46172
Thailand,1991,28.8,1,2,1,NA,41756450652.1194,35329430022.5734
Thailand,1992,27.3,1,0,9,NA,45675804425.9668,41206885012.2637
Thailand,1993,26,1,0,9,NA,52752887091.4232,47453553768.6219
Thailand,1994,24.8,1,0,9,NA,63083936381.7098,56094870775.3479
Thailand,1995,23.7,1,0,9,NA,81632698111.9959,70305436039.0444
Thailand,1996,22.7,1,0,9,NA,82833873265.2795,71417410141.7765
Thailand,1997,21.7,1,0,9,NA,70306654380.9363,72442713530.9891
Thailand,1998,20.8,1,0,9,NA,48088366852.5172,65860554069.9333
Thailand,1999,19.9,1,0,9,NA,56073539484.3668,71490174196.1247
Thailand,2000,19.1,1,0,9,92.6465377807617,71358153959.6827,81953041249.7071
Thailand,2001,18.3,1,0,9,NA,68589774463.8424,76088350937.052
Thailand,2002,17.5,1,0,9,NA,72957581569.8753,81447761993.1052
Thailand,2003,16.7,1,0,9,NA,84013658080.3479,93686958534.0102
Thailand,2004,16,1,0,9,NA,106227176896.456,114062537292.653
Thailand,2005,15.3,1,0,9,93.5064697265625,131483909786.4,129499031578.738
Thailand,2006,14.6,1,5,0,NA,145055593685.655,152293199936.645
Thailand,2007,14,1,3,2,NA,160397413538.365,181094466107.734
Thailand,2008,13.4,1,1,5,NA,201114269676.075,208095295272.459
Thailand,2009,12.9,1,1,5,NA,154464093006.434,181530283674.291
Thailand,2010,12.5,1,1,5,96.430908203125,207270125009.073,226787541383.021
Thailand,2011,12,1,0,7,NA,255199578901.8,262743566281.972
Thailand,2012,11.6,1,0,7,NA,273216731921.848,274121307076.836
Thailand,2013,11.2,1,0,7,93.7020721435547,274440311137.148,282342608865.456
Thailand,2014,10.9,1,3,0,NA,254633433703.41,278596296775.227
Thailand,2015,10.5,1,3,0,92.8683090209961,229553488263.445,271423628448.042
Trinidad and Tobago,2000,25.3,1,0,10,97.9000015258789,NA,NA
Trinidad and Tobago,2001,25.3,2,0,10,NA,NA,NA
Trinidad and Tobago,2002,25.1,3,0,10,NA,NA,NA
Trinidad and Tobago,2003,24.7,4,0,10,NA,NA,NA
Trinidad and Tobago,2004,24.3,5,0,10,NA,NA,NA
Trinidad and Tobago,2005,23.8,6,0,10,NA,NA,NA
Trinidad and Tobago,2006,23.3,7,0,10,NA,NA,NA
Trinidad and Tobago,2007,22.8,8,0,10,NA,NA,NA
Trinidad and Tobago,2008,22.2,9,0,10,NA,NA,NA
Trinidad and Tobago,2009,21.6,10,0,10,NA,NA,NA
Trinidad and Tobago,2010,21,10,0,10,98.6999969482422,NA,NA
Trinidad and Tobago,2011,20.4,10,0,10,NA,NA,NA
Trinidad and Tobago,2012,19.7,10,0,10,NA,NA,NA
Trinidad and Tobago,2013,19.2,10,0,10,NA,NA,NA
Trinidad and Tobago,2014,18.7,10,0,10,NA,NA,NA
Trinidad and Tobago,2015,18.2,10,0,10,NA,NA,NA
Turkey,1996,40.8,1,1,9,NA,50498579852.5798,39094658476.6585
Turkey,1997,38.5,1,1,8,NA,57688103357.472,46664617511.5207
Turkey,1998,36.3,1,1,8,NA,54343007288.0706,56721035673.1876
Turkey,1999,34.2,1,1,8,NA,48167046322.8271,47537824737.3448
Turkey,2000,32.1,1,1,8,NA,61561836212.412,53091138835.5726
Turkey,2001,30.2,1,1,8,NA,45699315437.3368,53222799445.1697
Turkey,2002,28.3,1,1,8,NA,54838097797.2399,58321175690.0212
Turkey,2003,26.5,1,1,8,NA,72836672663.0688,69359206476.1143
Turkey,2004,24.8,1,1,8,87.3654937744141,102691164503.683,92090930901.4381
Turkey,2005,23.2,1,1,8,88.2290573120117,122442651086.633,105386581571.896
Turkey,2006,21.7,1,1,8,88.1193923950195,146412847742.387,119615726286.314
Turkey,2007,20.2,1,1,8,88.6558990478516,176168948499.501,143399935528.437
Turkey,2008,18.9,1,1,8,NA,206982593930.081,174469223972.34
Turkey,2009,17.6,1,1,8,90.8167190551758,150580156774.194,145518900645.161
Turkey,2010,16.4,1,1,8,92.6605987548828,196452157971.786,157844709209.476
Turkey,2011,15.3,1,0,9,94.106086730957,253091637611.94,185339817910.448
Turkey,2012,14.2,1,0,9,94.9197463989258,249766156458.797,206848575723.831
Turkey,2013,13.2,1,0,9,95.2566604614258,266904347095.283,211715472213.468
Turkey,2014,12.3,2,1,4,95.4396286010742,258300251770.619,222003068311.629
Turkey,2015,11.6,3,1,4,95.6014175415039,223151125000,200727579044.118
Uganda,2002,81.6,1,4,0,68.1425094604492,1548626997.46546,692819583.930111
Uganda,2003,76.9,1,4,0,NA,1596784201.20995,721542170.014055
Uganda,2004,72.2,1,4,0,NA,1807481101.18727,1008178395.63728
Uganda,2005,67.6,1,2,1,NA,2236745637.83951,1278134670.863
Uganda,2006,63.4,1,2,1,71.3731384277344,2819509192.31688,1518772911.93977
Uganda,2007,59.2,1,2,1,NA,3694279138.37478,2055981499.07067
Uganda,2008,55.4,1,2,1,NA,4553373857.00284,3457255934.12258
Uganda,2009,52.3,1,2,1,NA,7148939023.82281,4677180750.95161
Uganda,2010,49.5,1,2,1,73.2118835449219,6520259800.41316,3687465011.92554
Uganda,2011,46.3,1,2,1,NA,7497534908.54689,3583197948.46501
Uganda,2012,42.5,1,2,1,70.1982192993164,7648498513.7527,4230158408.06218
Uganda,2013,41.6,1,2,1,NA,7690477177.66994,4774874221.32967
Uganda,2014,39.1,1,2,1,NA,6870189732.11304,4874969999.04847
Uganda,2015,37.7,1,2,1,NA,8035899316.58179,4170603023.99086
Ukraine,2001,15.1,1,0,6,99.4304122924805,19550082835.3903,19941549859.4591
Ukraine,2002,14.3,5,0,6,NA,20538054293.5456,22091578117.3732
Ukraine,2003,13.6,5,0,6,NA,26431263712.5659,27388564892.0809
Ukraine,2004,13,5,0,6,NA,34689415303.6285,39057153600.3008
Ukraine,2005,12.5,5,0,6,NA,41678927546.9784,41949382402.8724
Ukraine,2006,12,5,0,7,NA,50931089108.9109,47525544554.4554
Ukraine,2007,11.6,5,0,7,NA,68937623762.3763,60543960396.0396
Ukraine,2008,11.1,5,0,7,NA,94431006986.6343,79896529465.3706
Ukraine,2009,10.6,5,0,7,NA,53817383714.9605,51428149707.3622
Ukraine,2010,10.1,5,0,6,NA,69484601038.3588,63998815464.4891
Ukraine,2011,9.6,5,0,6,NA,92063607610.8238,81280184748.2303
Ukraine,2012,9.1,5,0,6,99.9743499755859,99091978475.7853,83884244775.3723
Ukraine,2013,8.6,5,0,6,NA,95674965594.8955,78744026022.7699
Ukraine,2014,8.1,5,1,5,NA,69553702878.0065,64873261712.6705
Ukraine,2015,7.7,5,1,5,NA,50257224864.6125,47880172307.2416
Uruguay,2002,13.7,1,0,10,NA,2640666128.80463,2805886752.59914
Uruguay,2003,13.3,2,0,10,NA,2930314108.76786,3304408129.40689
Uruguay,2004,12.8,3,0,10,NA,4018907625.47119,4394994711.50161
Uruguay,2005,12.4,4,0,10,NA,4943843928.98287,5279006683.38876
Uruguay,2006,12,5,0,10,97.7896270751953,6201611238.96085,5932087158.44044
Uruguay,2007,11.5,6,0,10,97.8638916015625,7051255251.16101,6810249669.80529
Uruguay,2008,11.2,7,0,10,98.1635589599609,10629714453.4662,9171514609.08002
Uruguay,2009,11,8,0,10,98.2672271728516,8325301045.72847,8579858649.4151
Uruguay,2010,10.6,8,0,10,98.0727081298828,10214550358.188,10612138808.433
Uruguay,2011,10.3,8,0,10,98.3358993530273,12865868997.9393,12672707386.2754
Uruguay,2012,10,8,0,10,98.3959426879883,14939224936.7325,13287539954.5065
Uruguay,2013,9.5,8,0,10,98.3638687133789,15167942836.4971,13435347384.9699
Uruguay,2014,9.1,8,0,10,98.4359283447266,14620918050.4173,13474880882.7325
Uruguay,2015,8.7,8,0,10,98.5238723754883,12173386052.0942,11974918872.6333
Uzbekistan,2006,44.6,1,9,0,NA,5365211006.46474,6328126538.24697
Uzbekistan,2007,43.3,2,9,0,NA,7751706398.20179,8851137334.97958
Uzbekistan,2008,42,3,9,0,NA,11400016681.832,12165067485.593
Uzbekistan,2009,40.8,4,9,0,NA,11457877212.3743,11677571266.7676
Uzbekistan,2010,39.6,4,9,0,NA,9216063086.46529,13030252051.8188
Uzbekistan,2011,38.4,4,9,0,NA,11343212358.7357,14991418710.3987
Uzbekistan,2012,37.2,4,9,0,NA,12802232948.4479,13608904345.4126
Uzbekistan,2013,36.1,4,9,0,99.9948577880859,13957026160.2868,14367370513.0124
Uzbekistan,2014,35,4,9,0,99.9805526733398,13964534254.8137,13593687690.6198
Uzbekistan,2015,33.9,4,9,0,99.9838333129883,12366335626.595,12548905306.0701
Vietnam,2004,23.2,1,7,0,NA,33292010669.3764,27134530700.5589
Vietnam,2005,22.6,2,7,0,NA,38623129914.0376,36712091438.1245
Vietnam,2006,22,3,7,0,NA,46856276474.358,44944777029.2449
Vietnam,2007,21.4,3,7,0,NA,65095862341.9564,54591007520.8978
Vietnam,2008,20.8,3,7,0,NA,83250410219.4482,69724976613.6576
Vietnam,2009,20.3,3,7,0,93.5204467773438,76433848992.6973,66374595429.0185
Vietnam,2010,19.8,3,7,0,NA,92994667514.9521,83473591218.5112
Vietnam,2011,19.3,3,7,0,NA,113207523251.137,107605943514.67
Vietnam,2012,18.8,3,7,0,NA,119241741885.923,124700595352.41
Vietnam,2013,18.3,3,7,0,NA,139491323458.917,143186372437.711
Vietnam,2014,17.8,3,7,0,NA,154791469642.519,160889682239.455
Vietnam,2015,17.3,3,7,0,NA,171961718750.27,173490415457.862
Zambia,1996,106.1,1,2,3,NA,1271350442.91746,1024449292.15995
Zambia,1997,104.6,2,2,3,NA,1329783187.52377,1177862381.13351
Zambia,1998,103.1,3,2,3,NA,1119059126.79233,870898447.98883
Zambia,1999,100.9,4,2,3,68.0017929077148,1182328266.33166,852345058.626466
Zambia,2000,97.6,4,2,3,NA,1312938954.60975,861422399.382795
Zambia,2001,92.7,4,0,5,NA,1619718685.09236,1028111855.77003
Zambia,2002,86.5,4,0,5,69.1492233276367,1584553107.80703,1137944596.00782
Zambia,2003,80,4,0,5,NA,1795489024.5706,1258986753.42784
Zambia,2004,73.9,4,0,5,NA,2318788047.45862,2086548347.94618
Zambia,2005,68.7,4,0,5,NA,2632001949.14305,2550444807.88619
Zambia,2006,64.9,4,0,5,NA,3222874996.53076,4157837750.82568
Zambia,2007,61.3,4,0,5,61.1270904541016,4523566396.0025,4721899912.55465
Zambia,2008,58.7,4,0,7,NA,5469175507.91574,5179705635.79571
Zambia,2009,55.6,4,0,7,NA,4118784328.49131,4483693050.07828
Zambia,2010,52.9,4,0,7,83.0076675415039,6256988597.27752,7503512538.82554
Zambia,2011,51.1,4,0,7,NA,8385253152.83807,9494352665.25397
Zambia,2012,49,4,0,7,NA,9950731451.44056,10222369008.995
Zambia,2013,46.5,4,0,7,NA,12372097333.1604,11353601808.7807
Zambia,2014,44.7,4,0,7,NA,11197227278.6374,10540534390.8464
Zambia,2015,43.3,4,0,7,NA,10021732079.1437,7889717807.33052
