countryname,Year,infant_mortality,us_length,Score,adult_literacy,imports
Afghanistan,1987,135.7,1,NA,NA,NA
Afghanistan,1988,131.3,2,NA,NA,NA
Afghanistan,1989,126.8,3,NA,NA,NA
Afghanistan,1990,122.5,4,NA,NA,NA
Afghanistan,1991,118.3,5,NA,NA,NA
Afghanistan,1992,114.4,6,NA,NA,NA
Afghanistan,1993,110.9,7,NA,NA,NA
Afghanistan,1994,107.7,8,NA,NA,NA
Afghanistan,1995,105,9,NA,NA,NA
Afghanistan,1996,102.7,10,NA,NA,NA
Afghanistan,1997,100.7,11,NA,NA,NA
Afghanistan,1998,98.9,12,NA,NA,NA
Afghanistan,1999,97.2,13,NA,NA,NA
Afghanistan,2000,95.4,14,NA,NA,NA
Afghanistan,2001,93.4,15,NA,NA,NA
Afghanistan,2002,91.2,16,NA,NA,NA
Afghanistan,2003,89,16,NA,NA,NA
Afghanistan,2004,86.7,16,NA,NA,NA
Afghanistan,2005,84.4,16,NA,NA,NA
Afghanistan,2006,82.3,16,NA,NA,NA
Afghanistan,2007,80.4,16,NA,NA,NA
Afghanistan,2008,78.6,16,NA,NA,NA
Afghanistan,2009,76.8,16,NA,NA,4067099313.62424
Afghanistan,2010,75.1,16,NA,NA,5771312262.28347
Afghanistan,2011,73.4,16,NA,31.4488506317139,7207299510.35062
Afghanistan,2012,71.7,16,NA,NA,9817510132.90826
Afghanistan,2013,69.9,16,NA,NA,10054634817.5823
Afghanistan,2014,68.1,16,NA,NA,8246634993.00315
Afghanistan,2015,66.3,16,NA,NA,8461684707.36777
Andorra,2001,3.7,1,NA,NA,NA
Andorra,2002,3.5,2,NA,NA,NA
Andorra,2003,3.3,3,NA,NA,NA
Andorra,2004,3.2,4,NA,NA,NA
Andorra,2005,3.1,5,NA,NA,NA
Andorra,2006,2.9,6,NA,NA,NA
Andorra,2007,2.8,7,NA,NA,NA
Andorra,2008,2.7,8,NA,NA,NA
Andorra,2009,2.6,9,NA,NA,NA
Andorra,2010,2.5,9,NA,NA,NA
Andorra,2011,2.4,9,NA,NA,NA
Andorra,2012,2.3,9,NA,NA,NA
Andorra,2013,2.2,9,NA,NA,NA
Andorra,2014,2.1,9,NA,NA,NA
Andorra,2015,2.1,9,NA,NA,NA
Austria,2000,4.6,1,NA,NA,82683895338.1242
Austria,2001,4.5,2,NA,NA,84695659955.2573
Austria,2002,4.4,3,NA,NA,88826566911.3495
Austria,2003,4.3,4,NA,NA,109433239277.652
Austria,2004,4.1,5,NA,NA,132172572634.716
Austria,2005,4,6,NA,NA,143496791443.85
Austria,2006,4,7,NA,NA,158748036632.794
Austria,2007,3.8,8,NA,NA,187241938133.041
Austria,2008,3.8,9,NA,NA,210090420389.629
Austria,2009,3.7,10,NA,NA,167491372603.501
Austria,2010,3.6,10,NA,NA,187158711051.024
Austria,2011,3.4,10,NA,NA,220535791188.085
Austria,2012,3.3,10,NA,NA,209537698503.437
Austria,2013,3.2,10,NA,NA,217722805420.505
Austria,2014,3,10,NA,NA,221515007769.412
Austria,2015,2.9,10,NA,NA,188382123647.74
Azerbaijan,1992,76,1,NA,NA,2725096546.55896
Azerbaijan,1993,76.2,2,NA,NA,3019037459.25035
Azerbaijan,1994,76.1,3,NA,NA,1015000340.34885
Azerbaijan,1995,75.2,4,NA,NA,1630233381.04914
Azerbaijan,1996,73.6,5,NA,NA,1776447337.82841
Azerbaijan,1997,71.2,6,NA,NA,2102007528.23087
Azerbaijan,1998,68.1,7,NA,NA,2424529283.64673
Azerbaijan,1999,64.5,8,NA,98.7918014526367,1917519517.81886
Azerbaijan,2000,60.6,9,NA,NA,2023511150.01356
Azerbaijan,2001,56.8,10,NA,NA,2129925910.01825
Azerbaijan,2002,53.1,11,NA,NA,3121065624.35713
Azerbaijan,2003,49.7,11,NA,NA,4769089798.41173
Azerbaijan,2004,46.7,11,NA,NA,6312201078.66083
Azerbaijan,2005,44,11,NA,NA,7007086947.32388
Azerbaijan,2006,41.5,11,NA,NA,8132639355.27199
Azerbaijan,2007,39.3,11,NA,99.5931930541992,9423610301.82962
Azerbaijan,2008,37.3,11,NA,NA,11464094449.8539
Azerbaijan,2009,35.5,11,NA,99.7598419189453,10235008708.634
Azerbaijan,2010,33.9,11,NA,99.7711410522461,10940949296.1256
Azerbaijan,2011,32.5,11,NA,99.7786331176758,15881853868.5577
Azerbaijan,2012,31.2,11,NA,99.7757720947266,17621945010.1833
Azerbaijan,2013,30,11,NA,99.7893600463867,19475589547.4825
Azerbaijan,2014,28.9,11,NA,99.7889862060547,19721280122.4021
Azerbaijan,2015,27.9,11,NA,99.7880630493164,18473453054.8507
Barbados,2002,15.3,1,NA,NA,1381950000
Barbados,2003,15.3,2,NA,NA,1512750000
Barbados,2004,15.3,3,NA,99.5999984741211,1734650000
Barbados,2005,15.1,4,NA,NA,2016750000
Barbados,2006,14.9,5,NA,NA,2294406000
Barbados,2007,14.5,6,NA,NA,2368287800
Barbados,2008,14.2,7,NA,NA,2568563450
Barbados,2009,13.9,8,NA,NA,2045378300
Barbados,2010,13.6,8,NA,NA,2240070050
Barbados,2011,13.3,8,NA,NA,2282372050
Barbados,2012,13,8,NA,NA,2173750450
Barbados,2013,12.7,8,NA,NA,2146912650
Barbados,2014,12.3,8,NA,99.5999984741211,2114664750
Barbados,2015,12,8,NA,NA,2031609600
Belize,1997,23.3,1,NA,NA,364499950
Belize,1998,22.5,1,NA,NA,392227550
Belize,1999,21.8,1,NA,NA,493526400
Belize,2000,21.1,1,NA,76.9029769897461,613013050
Belize,2001,20.5,2,NA,NA,602427450
Belize,2002,19.9,3,NA,NA,616695950
Belize,2003,19.4,4,NA,NA,653017500
Belize,2004,18.9,4,NA,NA,618982100
Belize,2005,18.5,4,NA,NA,698550150
Belize,2006,18,4,NA,NA,750575100
Belize,2007,17.6,4,NA,NA,790029600
Belize,2008,17.2,4,NA,NA,953288000
Belize,2009,16.7,4,NA,NA,751680250
Belize,2010,16.3,4,NA,NA,807676850
Belize,2011,15.9,4,NA,NA,939713200
Belize,2012,15.5,4,NA,NA,971664600
Belize,2013,15.1,4,NA,NA,1051774550
Belize,2014,14.6,4,NA,NA,1085325100
Belize,2015,14.2,4,NA,NA,1142213050
Benin,2002,85.2,1,NA,34.6578483581543,1003657772.97234
Benin,2003,83,2,NA,NA,1226073343.90571
Benin,2004,80.8,3,NA,NA,1321690423.80171
Benin,2005,78.8,4,NA,NA,1353205875.76765
Benin,2006,76.9,4,NA,28.7021102905273,1526225059.91221
Benin,2007,75.2,4,NA,NA,2208516281.11941
Benin,2008,73.7,4,NA,NA,2498935557.03785
Benin,2009,72.3,4,NA,NA,2403039865.40906
Benin,2010,71,4,NA,NA,2704110347.67377
Benin,2011,69.8,4,NA,NA,2819548546.35112
Benin,2012,68.5,4,NA,32.9488182067871,2990340731.08098
Benin,2013,67.2,4,NA,NA,3959347852.68099
Benin,2014,65.7,4,NA,NA,4495143591.19349
Benin,2015,64.2,4,NA,NA,3648295525.95119
Bolivia,1994,74.8,1,NA,NA,1626751433.82751
Bolivia,1995,72.2,2,NA,NA,1825637772.63921
Bolivia,1996,69.5,3,NA,NA,2017479801.36365
Bolivia,1997,66.8,3,NA,NA,2326903298.25096
Bolivia,1998,64.1,3,NA,NA,2768710912.68761
Bolivia,1999,61.4,3,NA,NA,2260778163.9254
Bolivia,2000,58.8,3,NA,NA,2294564081.83068
Bolivia,2001,56.2,4,NA,86.7236709594727,2056200184.65544
Bolivia,2002,53.7,5,NA,NA,2191068898.18689
Bolivia,2003,51.2,6,NA,NA,2131085361.39545
Bolivia,2004,48.8,7,NA,NA,2309688004.03226
Bolivia,2005,46.6,8,NA,NA,3064661856.4114
Bolivia,2006,44.4,9,NA,NA,3752334864.44655
Bolivia,2007,42.2,10,NA,90.7434692382813,4495795419.80844
Bolivia,2008,40.2,11,NA,90.698112487793,6329651161.18426
Bolivia,2009,38.4,12,NA,91.1678314208984,5705628917.37892
Bolivia,2010,36.8,12,NA,NA,6744572947.39692
Bolivia,2011,35.3,12,NA,92.2261505126953,9199095430.30128
Bolivia,2012,34,12,NA,94.4605712890625,10233217655.5716
Bolivia,2013,32.8,12,NA,NA,11386396526.7728
Bolivia,2014,31.7,12,NA,NA,13848956005.7887
Bolivia,2015,30.6,12,NA,92.455078125,12231374674.3849
Bosnia and Herzegovina,2002,7.2,1,NA,NA,4717671799.80751
Bosnia and Herzegovina,2003,7,1,NA,NA,6961219561.45413
Bosnia and Herzegovina,2004,7,1,NA,NA,7082920634.92064
Bosnia and Herzegovina,2005,7.1,1,NA,NA,8039422648.94767
Bosnia and Herzegovina,2006,7.2,1,NA,NA,8107497915.46405
Bosnia and Herzegovina,2007,7.1,1,NA,NA,8907162351.29461
Bosnia and Herzegovina,2008,7,1,NA,NA,11336685140.8029
Bosnia and Herzegovina,2009,6.7,1,NA,NA,8584652319.05675
Bosnia and Herzegovina,2010,6.4,1,NA,NA,8806994650.23363
Bosnia and Herzegovina,2011,6.2,1,NA,98.1420364379883,10403825431.8004
Bosnia and Herzegovina,2012,5.9,1,NA,NA,9611645644.46196
Bosnia and Herzegovina,2013,5.6,1,NA,96.9917678833008,9850602810.39984
Bosnia and Herzegovina,2014,5.4,1,NA,NA,10510282186.9489
Bosnia and Herzegovina,2015,5.1,1,NA,NA,8645165863.33995
Botswana,2000,52.4,1,NA,NA,2320710337.52793
Botswana,2001,51.4,2,NA,NA,2133671163.45956
Botswana,2002,50.3,3,NA,NA,2158048610.89162
Botswana,2003,49.8,4,NA,81.1887130737305,2779825087.3755
Botswana,2004,49.1,4,NA,NA,3706961580.25954
Botswana,2005,44.8,4,NA,NA,3533676424.54602
Botswana,2006,43.8,4,NA,NA,3451273001.40493
Botswana,2007,45.5,4,NA,NA,4440003828.10973
Botswana,2008,45.3,4,NA,NA,5586576630.68157
Botswana,2009,42.3,4,NA,NA,5327109334.60049
Botswana,2010,39.8,4,NA,NA,6554992934.52661
Botswana,2011,39.9,4,NA,NA,8227896230.00205
Botswana,2012,38.2,4,NA,NA,8854720373.79743
Botswana,2013,36.4,4,NA,86.8231811523438,9094678422.17433
Botswana,2014,35.6,4,NA,NA,9005848865.32013
Botswana,2015,34.8,4,NA,NA,8092733734.82081
Brazil,2002,24.3,1,NA,NA,68004834965.369
Brazil,2003,22.5,2,NA,NA,72356034124.1469
Brazil,2004,21,3,NA,88.6162414550781,87897949128.2051
Brazil,2005,19.5,4,NA,NA,105595458223.792
Brazil,2006,18.2,5,NA,89.6152267456055,129232641290.856
Brazil,2007,17.1,6,NA,90.0093688964844,167160252067.177
Brazil,2008,16.2,7,NA,90.03662109375,232727652852.001
Brazil,2009,15.4,8,NA,90.298210144043,187616483044.913
Brazil,2010,14.8,8,NA,90.3791809082031,263001364256.48
Brazil,2011,14.4,8,NA,91.4112396240234,323150406504.065
Brazil,2012,14.3,8,NA,91.3378524780273,326310480774.154
Brazil,2013,14.3,8,NA,91.4842376708984,347274708965.261
Brazil,2014,14.4,8,NA,91.7294311523438,335819379515.512
Brazil,2015,14.6,8,NA,92.0478973388672,253273317502.78
Bulgaria,2002,16.3,1,NA,NA,6827243139.14299
Bulgaria,2003,15.5,1,NA,NA,9430015005.48277
Bulgaria,2004,14.6,1,NA,NA,13630160624.7222
Bulgaria,2005,13.6,1,NA,NA,17080644177.6253
Bulgaria,2006,12.9,1,NA,NA,22027000577.1821
Bulgaria,2007,12.3,1,NA,NA,31626174947.5157
Bulgaria,2008,11.8,1,NA,NA,39341595243.4373
Bulgaria,2009,11.5,1,NA,NA,26258237719.4853
Bulgaria,2010,11.2,1,NA,NA,26837706782.1849
Bulgaria,2011,10.9,1,NA,98.3524475097656,33700520440.8105
Bulgaria,2012,10.5,1,NA,NA,34493513797.6347
Bulgaria,2013,10.1,1,NA,NA,36290976520.0869
Bulgaria,2014,9.7,1,NA,NA,37432412834.0795
Bulgaria,2015,9.3,1,NA,NA,31914822602.5845
Burkina Faso,2000,96.2,1,NA,NA,776980431.276297
Burkina Faso,2001,95,1,NA,NA,720842628.320341
Burkina Faso,2002,93.4,1,NA,NA,809293991.777766
Burkina Faso,2003,91.4,1,NA,21.8229198455811,1000320937.54941
Burkina Faso,2004,88.9,1,NA,NA,1338676864.63816
Burkina Faso,2005,86,1,NA,23.5221996307373,1494832909.70582
Burkina Faso,2006,82.7,1,NA,22.4725799560547,1579776321.8313
Burkina Faso,2007,79.2,1,NA,28.2936592102051,1784436592.40252
Burkina Faso,2008,75.8,1,NA,NA,2375548415.47173
Burkina Faso,2009,72.5,1,NA,NA,2495055649.23329
Burkina Faso,2010,69.7,1,NA,NA,2887043283.23912
Burkina Faso,2011,67.3,1,NA,NA,3781344566.96529
Burkina Faso,2012,65.4,1,NA,NA,4351201613.41658
Burkina Faso,2013,63.7,1,NA,NA,4968861222.40229
Burkina Faso,2014,62.2,1,NA,34.5993995666504,4446645376.58481
Burkina Faso,2015,60.9,1,NA,NA,3902427844.37453
Cambodia,1998,87.1,1,NA,67.3350296020508,1384886252.60916
Cambodia,1999,84.5,2,NA,NA,1886392172.88982
Cambodia,2000,80.4,3,NA,NA,2256850529.57966
Cambodia,2001,74.7,4,NA,NA,2438297157.21203
Cambodia,2002,68.3,4,NA,NA,2753379504.18688
Cambodia,2003,62.3,5,NA,NA,3100545073.28474
Cambodia,2004,57.4,6,NA,73.6099472045898,3784818547.14538
Cambodia,2005,53.3,7,NA,NA,4578016312.865
Cambodia,2006,49.8,7,NA,NA,5530235561.12837
Cambodia,2007,46.5,7,NA,NA,6301646856.59985
Cambodia,2008,43.3,7,NA,76.8712921142578,7016217713.19862
Cambodia,2009,40,7,NA,76.1379623413086,5816477547.16925
Cambodia,2010,36.7,7,NA,NA,6691507363.64717
Cambodia,2011,33.6,7,NA,NA,7633716514.87003
Cambodia,2012,30.7,7,NA,NA,8813214287.99901
Cambodia,2013,28.3,7,NA,NA,10303038305.171
Cambodia,2014,26.3,7,NA,78.0550918579102,11192212102.0929
Cambodia,2015,24.6,7,NA,80.5264892578125,11939258368.9017
Cameroon,1992,88.2,1,NA,NA,2087299308.22505
Cameroon,1993,89.9,2,NA,NA,1942661109.58702
Cameroon,1994,91.5,3,NA,NA,2008477429.44955
Cameroon,1995,93,4,NA,NA,1698592173.58325
Cameroon,1996,94.1,5,NA,NA,2436723533.60713
Cameroon,1997,94.7,6,NA,NA,2704330298.11835
Cameroon,1998,94.7,7,NA,NA,2384496409.5953
Cameroon,1999,93.8,7,NA,NA,2275345529.55784
Cameroon,2000,91.9,7,NA,68.4091567993164,2515403938.72661
Cameroon,2001,89.3,7,NA,NA,2933604778.46662
Cameroon,2002,86.2,7,NA,NA,3189636262.85208
Cameroon,2003,83.1,7,NA,NA,3741046546.60364
Cameroon,2004,80.3,7,NA,NA,4222751576.23312
Cameroon,2005,77.8,7,NA,NA,4731960093.89004
Cameroon,2006,75.3,7,NA,NA,5092288035.28696
Cameroon,2007,73.1,7,NA,70.6799392700195,6621856552.55069
Cameroon,2008,70.8,7,NA,NA,8694602319.3562
Cameroon,2009,68.8,7,NA,NA,6860732723.50341
Cameroon,2010,66.2,7,NA,71.2905120849609,7053080441.71083
Cameroon,2011,64.4,7,NA,NA,9107630240.17472
Cameroon,2012,62.4,7,NA,NA,8809093140.16887
Cameroon,2013,60.4,7,NA,NA,9719406535.25534
Cameroon,2014,58.6,7,NA,NA,10541186935.3628
Cameroon,2015,57.1,7,NA,NA,8539259287.32466
Central African Republic,2001,112.9,1,NA,NA,210345022.80576
Central African Republic,2002,112.1,2,NA,NA,199723610.815793
Central African Republic,2003,111.3,3,NA,NA,205101408.240842
Central African Republic,2004,110.4,4,NA,NA,244440120.177601
Central African Republic,2005,109.3,4,NA,NA,290317082.682346
Central African Republic,2006,108.1,4,NA,NA,322489945.784018
Central African Republic,2007,106.9,4,NA,NA,398343553.11071
Central African Republic,2008,105.5,4,NA,NA,465218535.942272
Central African Republic,2009,103.6,4,NA,NA,445847327.633182
Central African Republic,2010,101.7,4,NA,36.7526092529297,488611125.875945
Central African Republic,2011,99.7,4,NA,NA,520455657.587099
Central African Republic,2012,97.7,4,NA,NA,539911073.470252
Central African Republic,2013,96.1,4,NA,NA,396266771.62727
Central African Republic,2014,93.5,4,NA,NA,690077898.595119
Central African Republic,2015,91.5,4,NA,NA,611811302.110564
Chad,2010,93.6,1,NA,NA,4645436365.17236
Chad,2011,91.9,1,NA,NA,5088490114.55949
Chad,2012,90.2,1,NA,NA,5207595757.2162
Chad,2013,88.4,1,NA,NA,5062672258.89634
Chad,2014,86.7,1,NA,NA,5919969503.2357
Chad,2015,85,1,NA,26.0029907226563,4003726583.89541
Chile,1980,28.2,8,NA,NA,7679845876.33946
Chile,1981,25.6,9,NA,NA,9047297176.61233
Chile,1982,22.9,10,NA,91.1284027099609,5382281400.67755
Chile,1983,20.8,11,NA,NA,4355576959.59105
Chile,1984,19.5,12,NA,NA,4799834957.79674
Chile,1985,18.9,13,NA,NA,4307602967.65657
Chile,1986,18.6,14,NA,NA,NA
Chile,1987,18.4,15,NA,NA,5752821225.91213
Chile,1988,18,16,NA,NA,6765529485.8378
Chile,1989,17.1,17,NA,NA,8748407009.58385
Chile,1990,16,18,NA,NA,9686180975.72378
Chile,1991,14.8,18,NA,NA,10137181116.2018
Chile,1992,13.7,18,NA,94.2911376953125,12544703151.5803
Chile,1993,12.7,18,NA,NA,13669475781.4781
Chile,1994,11.7,18,NA,NA,14680688842.4009
Chile,1995,11,18,NA,NA,19346618433.6013
Chile,1996,10.5,18,NA,NA,21946625731.1956
Chile,1997,10.2,18,NA,NA,24191173540.1016
Chile,1998,10.1,18,NA,NA,23494325678.1594
Chile,1999,9.6,18,NA,NA,19982048574.2364
Chile,2000,9.2,18,NA,NA,22411585684.8134
Chile,2001,8.7,18,NA,NA,21822419952.279
Chile,2002,8.3,18,NA,95.7166213989258,21332345471.8843
Chile,2003,8,18,NA,NA,23190197866.0688
Chile,2004,7.9,18,NA,NA,29694953337.3255
Chile,2005,7.7,18,NA,NA,38680972557.1778
Chile,2006,7.6,18,NA,NA,45358377418.1321
Chile,2007,7.6,18,NA,NA,54405352884.0828
Chile,2008,7.6,18,NA,97.7224502563477,70715782094.3573
Chile,2009,7.5,18,NA,97.6642303466797,50503967542.8748
Chile,2010,7.6,18,NA,96.818603515625,68442909063.8457
Chile,2011,7.5,18,NA,96.703010559082,86884940756.2013
Chile,2012,7.4,18,NA,NA,91222239391.7175
Chile,2013,7.3,18,NA,96.2670593261719,91237694284.4138
Chile,2014,7.2,18,NA,NA,83794977253.9037
Chile,2015,7,18,NA,96.8741302490234,72190113685.0302
China,1991,41.8,1,NA,NA,43941659170
China,1992,41.2,1,NA,NA,61849400129
China,1993,40.2,1,NA,NA,86072328750
China,1994,39,1,NA,NA,97250445198
China,1995,37.7,1,NA,NA,119900826000
China,1996,36.4,1,NA,NA,137261877000
China,1997,35,1,NA,NA,144623820000
China,1998,33.5,1,NA,NA,144913704696
China,1999,31.9,1,NA,NA,168058444268.42
China,2000,30.2,1,NA,90.9202117919922,224306238158.48
China,2001,28.3,1,NA,NA,243973790217.76
China,2002,26.2,1,NA,NA,295619639659.43
China,2003,24.2,1,NA,NA,412137124715.32
China,2004,22.2,1,NA,NA,556182551584.76
China,2005,20.3,1,NA,NA,648712207879.78
China,2006,18.7,1,NA,NA,782812463259.9
China,2007,17.2,1,NA,NA,950020767157.33
China,2008,15.8,1,NA,NA,1149036249785.66
China,2009,14.6,1,NA,NA,1042533759652.94
China,2010,13.5,1,NA,95.1244812011719,1432415877173.64
China,2011,12.5,1,NA,NA,1825402621469.38
China,2012,11.5,1,NA,NA,1943215391729.07
China,2013,10.6,1,NA,NA,2119378054518.82
China,2014,9.8,2,NA,NA,2241288603088.79
China,2015,9.2,3,NA,NA,2003257157592.74
Colombia,1994,25.8,1,NA,NA,17091698826.0504
Colombia,1995,25,2,NA,NA,19392751883.9628
Colombia,1996,24.2,3,NA,91.207160949707,20252680331.731
Colombia,1997,23.4,4,NA,NA,22137740205.7201
Colombia,1998,22.6,5,NA,NA,20576289396.4486
Colombia,1999,21.9,5,NA,NA,15343463758.285
Colombia,2000,21.2,5,NA,NA,16732945249.8395
Colombia,2001,20.6,5,NA,NA,18182900126.4544
Colombia,2002,20,5,NA,NA,17797006802.5232
Colombia,2003,19.4,5,NA,NA,18872327630.368
Colombia,2004,18.9,5,NA,92.8037796020508,22353995121.9577
Colombia,2005,18.4,5,NA,92.8486633300781,29781533163.7656
Colombia,2006,17.8,5,NA,92.2996826171875,35415104984.6471
Colombia,2007,17.3,5,NA,92.6517868041992,42609030376.6138
Colombia,2008,16.9,5,NA,93.3781814575195,50999859345.4739
Colombia,2009,16.4,5,NA,93.2446899414063,43531909200.3068
Colombia,2010,15.9,5,NA,93.3723297119141,51362877689.8698
Colombia,2011,15.4,5,NA,93.5805282592773,67638293555.4426
Colombia,2012,14.9,5,NA,NA,74273083424.3787
Colombia,2013,14.5,5,NA,NA,76041906975.5974
Colombia,2014,14.1,5,NA,94.1862487792969,79472228066.5797
Colombia,2015,13.6,5,NA,94.2450485229492,66651327930.6406
Costa Rica,2001,10.5,1,NA,NA,6445457524.55378
Costa Rica,2002,10,2,NA,NA,6828718281.64082
Costa Rica,2003,9.5,3,NA,NA,7367441232.12763
Costa Rica,2004,9.2,4,NA,NA,8011642171.12324
Costa Rica,2005,9,5,NA,NA,9170225548.46405
Costa Rica,2006,8.9,6,NA,NA,10562844259.1687
Costa Rica,2007,8.9,7,NA,NA,12333210658.4104
Costa Rica,2008,8.9,8,NA,NA,14660106511.6081
Costa Rica,2009,8.9,9,NA,NA,10800050161.0011
Costa Rica,2010,8.9,9,NA,NA,13061016238.5336
Costa Rica,2011,8.8,9,NA,97.4065780639648,15465817010.9729
Costa Rica,2012,8.8,9,NA,NA,16718693002.3076
Costa Rica,2013,8.7,9,NA,NA,17055281116.7128
Costa Rica,2014,8.6,9,NA,NA,17596280793.7402
Costa Rica,2015,8.5,9,NA,NA,17360350889.6379
Croatia,2001,6.9,1,NA,98.1466827392578,9838398369.59779
Croatia,2002,6.6,2,NA,NA,12261010963.3243
Croatia,2003,6.3,3,NA,NA,16079045488.4415
Croatia,2004,6.1,4,NA,NA,18927464660.3583
Croatia,2005,5.8,5,NA,NA,20657399314.1935
Croatia,2006,5.6,6,NA,NA,23438774461.085
Croatia,2007,5.3,7,NA,NA,27828843106.1807
Croatia,2008,5,8,NA,NA,32780255422.6637
Croatia,2009,4.8,9,NA,NA,23987458083.0949
Croatia,2010,4.6,9,NA,NA,22644779919.9709
Croatia,2011,4.3,9,NA,99.125358581543,25481577125.3205
Croatia,2012,4.1,9,NA,NA,23291455139.0527
Croatia,2013,4,9,NA,NA,24725586776.28
Croatia,2014,3.8,9,NA,NA,25179012560.4537
Croatia,2015,3.6,9,NA,NA,22863391802.6333
Cyprus,2002,4.7,1,NA,NA,6993294230.76923
Cyprus,2003,4.4,2,NA,NA,8181782559.4564
Cyprus,2004,4.2,3,NA,NA,9875106250
Cyprus,2005,3.9,4,NA,NA,10364178584.7531
Cyprus,2006,3.7,5,NA,NA,11315149918.4544
Cyprus,2007,3.5,6,NA,NA,13905730906.1046
Cyprus,2008,3.3,7,NA,NA,17498754943.6063
Cyprus,2009,3.1,8,NA,NA,14028341205.8905
Cyprus,2010,3,8,NA,NA,15110426885.8544
Cyprus,2011,2.9,8,NA,98.6784286499023,15801046770.6013
Cyprus,2012,2.8,8,NA,NA,14294039573.4293
Cyprus,2013,2.7,8,NA,NA,14287905432.3283
Cyprus,2014,2.6,8,NA,NA,15072476418.2277
Cyprus,2015,2.5,8,NA,NA,13390746699.2123
Djibouti,2002,76.4,1,NA,NA,NA
Djibouti,2003,74.6,1,NA,NA,NA
Djibouti,2004,72.9,1,NA,NA,NA
Djibouti,2005,71.1,1,NA,NA,NA
Djibouti,2006,69.4,1,NA,NA,NA
Djibouti,2007,67.5,1,NA,NA,NA
Djibouti,2008,65.7,1,NA,NA,NA
Djibouti,2009,63.9,1,NA,NA,NA
Djibouti,2010,62.2,1,NA,NA,NA
Djibouti,2011,60.5,1,NA,NA,NA
Djibouti,2012,58.9,1,NA,NA,NA
Djibouti,2013,57.4,1,NA,NA,3911141258.48943
Djibouti,2014,55.8,1,NA,NA,3122558208.71839
Djibouti,2015,54.2,1,NA,NA,2980616127.05379
Dominica,2001,13.4,1,NA,NA,165748888.888889
Dominica,2002,13.4,2,NA,NA,156234518.518519
Dominica,2003,13.4,3,NA,NA,157336555.555556
Dominica,2004,13.7,4,NA,NA,174111518.518519
Dominica,2005,14,4,NA,NA,196296296.296296
Dominica,2006,14.4,4,NA,NA,198888888.888889
Dominica,2007,14.9,4,NA,NA,236331777.777778
Dominica,2008,15.5,4,NA,NA,287322111.111111
Dominica,2009,16.3,4,NA,NA,264465888.888889
Dominica,2010,17.2,4,NA,NA,275594888.888889
Dominica,2011,17.9,4,NA,NA,275986148.148148
Dominica,2012,18.7,4,NA,NA,261255370.37037
Dominica,2013,19.3,4,NA,NA,259156148.148148
Dominica,2014,19.5,4,NA,NA,264479000
Dominica,2015,19.6,4,NA,NA,329603333.333333
Ecuador,1995,35.2,1,NA,NA,6016443221.61081
Ecuador,1996,33.6,2,NA,NA,5535280640.32016
Ecuador,1997,32.1,3,NA,NA,6613086543.27163
Ecuador,1998,30.7,4,NA,NA,7136267133.56678
Ecuador,1999,29.5,4,NA,NA,4483779889.94497
Ecuador,2000,28.4,4,NA,NA,5010291145.57279
Ecuador,2001,27.4,4,NA,90.9840316772461,6734248000
Ecuador,2002,26.5,4,NA,NA,7960638000
Ecuador,2003,25.7,5,NA,NA,7992504000
Ecuador,2004,25,6,NA,NA,9554409000
Ecuador,2005,24.3,7,NA,NA,11821905000
Ecuador,2006,23.7,8,NA,NA,13748900000
Ecuador,2007,23.1,9,NA,92.0967864990234,15636623000
Ecuador,2008,22.5,10,NA,92.3900527954102,20933400000
Ecuador,2009,21.9,11,NA,92.2497634887695,16790125000
Ecuador,2010,21.3,11,NA,91.8540420532227,22541700000
Ecuador,2011,20.7,11,NA,91.5868988037109,26453861000
Ecuador,2012,20.1,11,NA,92.0647277832031,27772113000
Ecuador,2013,19.5,11,NA,93.2946319580078,29459627000
Ecuador,2014,19,11,NA,94.2226409912109,30168281000
Ecuador,2015,18.4,11,NA,94.4556579589844,23815449000
El Salvador,1989,48.2,1,NA,NA,1035800000
El Salvador,1990,45.9,2,NA,NA,1499153633.11014
El Salvador,1991,43.8,3,NA,NA,1603417100
El Salvador,1992,41.7,4,NA,74.1431579589844,1891815600
El Salvador,1993,39.7,5,NA,NA,2281645100
El Salvador,1994,37.6,5,NA,NA,2705134100
El Salvador,1995,35.6,5,NA,NA,3373053900
El Salvador,1996,33.7,5,NA,NA,3272855600
El Salvador,1997,31.8,5,NA,NA,3836743500
El Salvador,1998,30,5,NA,NA,3990321100
El Salvador,1999,28.4,5,NA,NA,4129349000
El Salvador,2000,26.8,5,NA,NA,4935859900
El Salvador,2001,25.5,5,NA,NA,5021277400
El Salvador,2002,24.2,5,NA,NA,5117092900
El Salvador,2003,23.1,5,NA,NA,5603962500
El Salvador,2004,22,5,NA,NA,6021905400
El Salvador,2005,20.9,5,NA,NA,6533150000
El Salvador,2006,20,5,NA,83.5594635009766,7602490000
El Salvador,2007,19.2,5,NA,82.0286331176758,8855300000
El Salvador,2008,18.4,5,NA,83.951301574707,9699500000
El Salvador,2009,17.7,5,NA,84.1028900146484,7413800000
El Salvador,2010,17.1,5,NA,84.4927215576172,8595000000
El Salvador,2011,16.5,5,NA,85.4939880371094,10201710000
El Salvador,2012,16,5,NA,NA,10495790000
El Salvador,2013,15.4,5,NA,86.767578125,11155200000
El Salvador,2014,14.9,5,NA,NA,10969480000
El Salvador,2015,14.4,5,NA,87.9698486328125,11033350000
Estonia,2002,7.5,1,NA,NA,4815880757.27607
Estonia,2003,6.9,1,NA,NA,6478792682.92683
Estonia,2004,6.3,1,NA,NA,8368395900.62112
Estonia,2005,5.8,1,NA,NA,9945822285.78535
Estonia,2006,5.3,1,NA,NA,12490779199.5985
Estonia,2007,4.8,1,NA,NA,16026215849.9863
Estonia,2008,4.4,1,NA,NA,17111420096.675
Estonia,2009,4,1,NA,NA,10974937899.4165
Estonia,2010,3.6,1,NA,NA,13406736320.6191
Estonia,2011,3.2,1,NA,99.8857879638672,18729623690.6617
Estonia,2012,2.9,1,NA,NA,19464295315.418
Estonia,2013,2.7,1,NA,NA,20560105318.0019
Estonia,2014,2.5,1,NA,NA,20846974834.0531
Estonia,2015,2.3,1,NA,NA,16818332146.7758
Fiji,2000,20.8,1,NA,NA,NA
Fiji,2001,20.5,2,NA,NA,NA
Fiji,2002,20.3,3,NA,NA,NA
Fiji,2003,20.1,4,NA,NA,NA
Fiji,2004,20.1,4,NA,NA,NA
Fiji,2005,20.1,4,NA,NA,NA
Fiji,2006,20.2,4,NA,NA,NA
Fiji,2007,20.3,4,NA,NA,NA
Fiji,2008,20.3,4,NA,NA,NA
Fiji,2009,20.3,4,NA,NA,NA
Fiji,2010,20.3,4,NA,NA,NA
Fiji,2011,20.1,4,NA,NA,NA
Fiji,2012,20,4,NA,NA,NA
Fiji,2013,19.7,4,NA,NA,NA
Fiji,2014,19.4,4,NA,NA,NA
Fiji,2015,19.1,4,NA,NA,NA
Finland,2000,3.5,1,NA,NA,41311958724.8941
Finland,2001,3.4,2,NA,NA,39489932885.906
Finland,2002,3.4,3,NA,NA,42151326933.9356
Finland,2003,3.3,4,NA,NA,52641083521.4447
Finland,2004,3.2,5,NA,NA,63757139309.6598
Finland,2005,3.1,6,NA,NA,74357666956.8462
Finland,2006,2.9,7,NA,NA,84397189813.0724
Finland,2007,2.9,8,NA,NA,99941144264.9877
Finland,2008,2.7,9,NA,NA,117476197451.296
Finland,2009,2.6,10,NA,NA,85955821061.4059
Finland,2010,2.5,10,NA,NA,92321655573.3472
Finland,2011,2.4,10,NA,NA,109214466156.782
Finland,2012,2.2,10,NA,NA,104257570475.589
Finland,2013,2.1,10,NA,NA,106008134700.256
Finland,2014,2,10,NA,NA,103296835603.497
Finland,2015,1.9,10,NA,NA,84341201313.6016
Gabon,2000,55.6,1,NA,NA,1655659043.70693
Gabon,2001,54.7,2,NA,NA,1473711135.22687
Gabon,2002,53.7,3,NA,NA,1707297196.71007
Gabon,2003,52.6,4,NA,NA,1843491822.01042
Gabon,2004,51.4,4,NA,NA,2073131765.29024
Gabon,2005,50.2,4,NA,NA,2293295082.67893
Gabon,2006,49,4,NA,NA,2897165197.81117
Gabon,2007,47.4,4,NA,NA,3309244454.23718
Gabon,2008,45.7,4,NA,NA,4156167870.27755
Gabon,2009,44.2,4,NA,NA,3780351102.9439
Gabon,2010,42.8,4,NA,NA,4526528581.67525
Gabon,2011,41.3,4,NA,NA,5236193125.45438
Gabon,2012,39.7,4,NA,82.2837982177734,5390232737.70199
Gabon,2013,38,4,NA,NA,5855447181.16799
Gabon,2014,37,4,NA,NA,5279048163.33855
Gabon,2015,36.1,4,NA,NA,4015443355.40044
Ghana,2000,64.9,1,NA,57.8974685668945,3350893191.41127
Ghana,2001,63,2,NA,NA,3444743962.02708
Ghana,2002,61.2,3,NA,NA,3383649798.08178
Ghana,2003,59.6,4,NA,NA,4320560567.60498
Ghana,2004,58.1,4,NA,NA,5361416564.7582
Ghana,2005,56.8,4,NA,NA,6623811100.07724
Ghana,2006,55.6,4,NA,NA,8312720240.04365
Ghana,2007,54.4,4,NA,NA,10108835863.9863
Ghana,2008,53.1,4,NA,NA,12690121372.5305
Ghana,2009,51.7,4,NA,NA,10989375851.7888
Ghana,2010,50.2,4,NA,71.4970703125,14778901678.3217
Ghana,2011,48.6,4,NA,NA,19416444364.0668
Ghana,2012,47,4,NA,NA,21794702942.627
Ghana,2013,45.5,4,NA,NA,22377217876.2491
Ghana,2014,44.2,4,NA,NA,19505247428.0191
Ghana,2015,42.8,4,NA,NA,21187683788.2948
Guatemala,1990,59.8,1,NA,NA,1900441392.83963
Guatemala,1991,57.3,2,NA,NA,2028674262.76124
Guatemala,1992,55,3,NA,NA,2849959385.75794
Guatemala,1993,52.7,4,NA,NA,2972637257.33754
Guatemala,1994,50.6,5,NA,64.2116394042969,3226457087.21658
Guatemala,1995,48.5,6,NA,NA,3726925962.8954
Guatemala,1996,46.6,7,NA,NA,3539822366.69293
Guatemala,1997,44.7,8,NA,NA,4197706680.73948
Guatemala,1998,43,9,NA,NA,5091730420.36782
Guatemala,1999,41.4,10,NA,NA,5011108418.07374
Guatemala,2000,39.9,11,NA,NA,5584222227.94724
Guatemala,2001,38.5,12,NA,NA,7731195123.8134
Guatemala,2002,37.1,13,NA,69.1017303466797,8255070815.80731
Guatemala,2003,35.9,14,NA,NA,8807734236.67343
Guatemala,2004,34.6,15,NA,NA,10090008720.8205
Guatemala,2005,33.5,16,NA,NA,11155024024.4174
Guatemala,2006,32.3,16,NA,NA,12662799252.8872
Guatemala,2007,31.2,16,NA,NA,14441181173.6802
Guatemala,2008,30.2,16,NA,NA,15422485304.2328
Guatemala,2009,29.3,16,NA,NA,12501367182.9053
Guatemala,2010,28.4,16,NA,NA,15009492876.4675
Guatemala,2011,27.5,16,NA,NA,17803241426.2594
Guatemala,2012,26.6,16,NA,78.2648620605469,18197178244.9959
Guatemala,2013,25.9,16,NA,77.0386734008789,18382944837.5929
Guatemala,2014,25.1,16,NA,81.2858963012695,19287363234.2671
Guatemala,2015,24.3,16,NA,NA,18695372446.0469
Guinea,2003,91.7,1,NA,29.7040195465088,868000109.323699
Guinea,2004,88.2,1,NA,NA,946513576.296896
Guinea,2005,84.9,1,NA,NA,1031237407.23715
Guinea,2006,81.9,1,NA,NA,1922724849.13814
Guinea,2007,79,1,NA,NA,2988313292.80529
Guinea,2008,76.3,1,NA,NA,2962825502.58155
Guinea,2009,73.7,1,NA,NA,3177066500.78466
Guinea,2010,71.2,1,NA,25.3077392578125,2961065637.41525
Guinea,2011,68.9,1,NA,NA,3620035688.59762
Guinea,2012,66.8,1,NA,NA,4089175142.90716
Guinea,2013,64.7,1,NA,NA,4519671005.05146
Guinea,2014,62.8,1,NA,32.0038414001465,4396562740.71092
Guinea,2015,61,1,NA,NA,4480281624.51364
Haiti,1987,108.8,1,NA,NA,NA
Haiti,1988,106.1,2,NA,NA,848904800
Haiti,1989,103.5,3,NA,NA,753772600
Haiti,1990,101,4,NA,NA,1068364600
Haiti,1991,98.4,4,NA,NA,1024557088.50544
Haiti,1992,95.8,4,NA,NA,563516991.667757
Haiti,1993,93.1,4,NA,NA,711986181.953826
Haiti,1994,90.4,4,NA,NA,535668262.774515
Haiti,1995,87.8,5,NA,NA,807821954.521593
Haiti,1996,85.1,6,NA,NA,840148096.437209
Haiti,1997,82.4,7,NA,NA,882865727.745972
Haiti,1998,79.9,8,NA,NA,991316375.931761
Haiti,1999,77.4,16,NA,NA,1233633424.70026
Haiti,2000,75,17,NA,NA,1321159550.28693
Haiti,2001,72.8,18,NA,NA,1299797306.65447
Haiti,2002,70.7,19,NA,NA,1250023079.50798
Haiti,2003,68.9,20,NA,58.7439002990723,1416822808.77824
Haiti,2004,67.2,21,NA,NA,1556942662.96062
Haiti,2005,65.6,21,NA,NA,1850861892.05828
Haiti,2006,64.1,21,NA,48.6850204467773,2141664615.93395
Haiti,2007,62.7,21,NA,NA,2291857175.70682
Haiti,2008,61.3,21,NA,NA,2893881348.22535
Haiti,2009,60,21,NA,NA,2803367541.32612
Haiti,2010,85.5,21,NA,NA,4288035604.42178
Haiti,2011,57.5,21,NA,NA,4432974849.90109
Haiti,2012,56.2,21,NA,NA,4194505774.66076
Haiti,2013,54.8,21,NA,NA,4419888093.5321
Haiti,2014,53.5,21,NA,NA,4628023610.71894
Haiti,2015,52.2,21,NA,NA,4409818543.52916
Honduras,2002,28.2,1,NA,NA,5074550499.91272
Honduras,2003,27.1,1,NA,NA,5547940676.90343
Honduras,2004,26,1,NA,NA,6757954310.91606
Honduras,2005,25,1,NA,NA,7494273021.08665
Honduras,2006,24.1,1,NA,NA,8356510679.44837
Honduras,2007,23.2,1,NA,83.5889892578125,10012098533.1448
Honduras,2008,22.3,1,NA,NA,11641784770.2826
Honduras,2009,21.4,1,NA,NA,8369540251.17623
Honduras,2010,20.7,1,NA,84.7553634643555,10086959052.8761
Honduras,2011,19.9,1,NA,85.1232986450195,12567100665.5354
Honduras,2012,19.2,1,NA,85.3555526733398,13022905108.1416
Honduras,2013,18.6,1,NA,85.4644165039063,12647245231.8486
Honduras,2014,18,1,NA,87.1975326538086,12923205572.9206
Honduras,2015,17.4,1,NA,87.9068298339844,13027942329.0742
India,1992,83.9,1,NA,NA,27639684528.9706
India,1993,81.7,2,NA,NA,27419390836.078
India,1994,79.6,3,NA,NA,33349576561.3405
India,1995,77.5,3,NA,NA,43318430945.9629
India,1996,75.4,3,NA,NA,45357287723.0936
India,1997,73.1,3,NA,NA,49607490116.6092
India,1998,70.9,3,NA,NA,53431584653.2041
India,1999,68.6,3,NA,NA,61314619861.4489
India,2000,66.4,3,NA,NA,65124164122.0956
India,2001,64.2,3,NA,61.0145606994629,65218394082.2249
India,2002,62,3,NA,NA,78498577658.6009
India,2003,59.9,3,NA,NA,95071650073.4454
India,2004,57.8,3,NA,NA,139310020965.107
India,2005,55.8,3,NA,NA,183736131690.217
India,2006,53.9,4,NA,62.7544708251953,229955027127.372
India,2007,51.9,5,NA,NA,302803704356.854
India,2008,50,6,NA,NA,350927085507.549
India,2009,48.2,7,NA,NA,347177602084.154
India,2010,46.3,7,NA,NA,449974320818.573
India,2011,44.4,7,NA,69.3025588989258,566667153574.074
India,2012,42.6,7,NA,NA,571306638044.004
India,2013,40.9,7,NA,NA,527555481498.928
India,2014,39.3,7,NA,NA,529239679343.382
India,2015,37.9,7,NA,NA,465097474655.75
Iraq,1984,48.7,1,NA,NA,13883563846.8961
Iraq,1985,47.4,2,NA,NA,14396912190.4149
Iraq,1986,46.1,3,NA,NA,NA
Iraq,1987,45.1,4,NA,NA,14790607912.5121
Iraq,1988,44,5,NA,NA,14258282405.9183
Iraq,1989,43.1,6,NA,NA,15012222579.6076
Iraq,1990,42.3,7,NA,NA,13361852685.751
Iraq,1991,41.6,8,NA,NA,NA
Iraq,1992,40.8,9,NA,NA,NA
Iraq,1993,40.2,10,NA,NA,NA
Iraq,1994,39.5,11,NA,NA,NA
Iraq,1995,38.9,12,NA,NA,NA
Iraq,1996,38.3,13,NA,NA,NA
Iraq,1997,37.6,14,NA,NA,NA
Iraq,1998,37,15,NA,NA,NA
Iraq,1999,36.4,16,NA,NA,NA
Iraq,2000,35.8,17,NA,74.0522003173828,NA
Iraq,2001,35.2,18,NA,NA,NA
Iraq,2002,34.6,19,NA,NA,NA
Iraq,2003,34.1,20,NA,NA,NA
Iraq,2004,33.5,20,NA,NA,23428329927.5497
Iraq,2005,33,20,NA,NA,30669639945.6522
Iraq,2006,32.4,20,NA,NA,25156254525.3846
Iraq,2007,31.8,20,NA,NA,25046687813.933
Iraq,2008,31.2,20,NA,NA,40441240775.0574
Iraq,2009,30.6,20,NA,NA,43868500000
Iraq,2010,30,20,NA,NA,47207400000
Iraq,2011,29.3,20,NA,NA,51552600000
Iraq,2012,28.7,20,NA,77.1999969482422,63438829971.7356
Iraq,2013,27.9,20,NA,72.6999969482422,84500000000
Iraq,2014,27.2,20,NA,82.1999969482422,86700000000
Iraq,2015,26.5,20,NA,NA,73515935851.3974
Ireland,2002,5.4,1,NA,NA,93775164502.1645
Ireland,2003,5.1,2,NA,NA,107935394356.659
Ireland,2004,4.7,3,NA,NA,128267312515.52
Ireland,2005,4.4,4,NA,NA,145394849023.753
Ireland,2006,4.1,5,NA,NA,164680379500.69
Ireland,2007,3.9,6,NA,NA,195720899124.008
Ireland,2008,3.8,7,NA,NA,207682376299.985
Ireland,2009,3.6,8,NA,NA,188490766323.979
Ireland,2010,3.5,8,NA,NA,191941883351.537
Ireland,2011,3.4,8,NA,NA,201767780344.675
Ireland,2012,3.4,8,NA,NA,195811164736.994
Ireland,2013,3.2,8,NA,NA,202421947676.548
Ireland,2014,3.1,8,NA,NA,237703278468.229
Ireland,2015,3,8,NA,NA,271595044488.037
Israel,2003,4.9,1,NA,NA,44930721767.1988
Israel,2004,4.7,1,NA,NA,52894466755.9125
Israel,2005,4.5,1,NA,NA,58275508612.4295
Israel,2006,4.3,1,NA,NA,62601328605.4132
Israel,2007,4.1,1,NA,NA,74062461965.3855
Israel,2008,3.9,1,NA,NA,84520345596.4326
Israel,2009,3.8,1,NA,NA,63682323322.2287
Israel,2010,3.7,1,NA,NA,76863044016.0739
Israel,2011,3.5,1,NA,NA,92884848913.1589
Israel,2012,3.4,1,NA,NA,92618369399.4489
Israel,2013,3.3,1,NA,NA,93299669293.8465
Israel,2014,3.3,1,NA,NA,94730390212.204
Israel,2015,3.2,1,NA,NA,84481552909.395
Jordan,1990,30,1,NA,NA,3728039777.00768
Jordan,1991,29.1,2,NA,NA,3469819356.73374
Jordan,1992,28.3,3,NA,NA,4375845837.01089
Jordan,1993,27.5,4,NA,NA,4548564006.35012
Jordan,1994,26.8,5,NA,NA,4447688564.47688
Jordan,1995,26.2,5,NA,NA,4901826484.01826
Jordan,1996,25.5,5,NA,NA,5415937940.76164
Jordan,1997,24.9,5,NA,NA,5185754583.92101
Jordan,1998,24.3,5,NA,NA,5089844851.90409
Jordan,1999,23.8,5,NA,NA,4989985895.62764
Jordan,2000,23.2,5,NA,NA,5795768688.29337
Jordan,2001,22.6,5,NA,NA,6027362482.36953
Jordan,2002,22.1,5,NA,NA,6383638928.0677
Jordan,2003,21.5,5,NA,89.8923187255859,6967136812.41185
Jordan,2004,20.9,5,NA,NA,9406911142.45416
Jordan,2005,20.4,6,NA,91.1307525634766,11859379407.6164
Jordan,2006,19.9,7,NA,NA,13231029619.1819
Jordan,2007,19.3,8,NA,92.199577331543,15700423131.1707
Jordan,2008,18.8,9,NA,NA,19227842750.4579
Jordan,2009,18.3,10,NA,NA,16458591549.2958
Jordan,2010,17.8,10,NA,92.5510406494141,18241408450.7042
Jordan,2011,17.3,10,NA,95.9044494628906,21301126760.5634
Jordan,2012,16.8,10,NA,97.8903198242188,22975492957.7465
Jordan,2013,16.3,10,NA,NA,24172112676.0563
Jordan,2014,15.8,10,NA,NA,24985070422.5352
Jordan,2015,15.4,10,NA,NA,22694225352.1127
Kenya,2005,54.3,1,NA,NA,6739991079.23991
Kenya,2006,51.8,2,NA,NA,8329130883.42986
Kenya,2007,49.5,3,NA,72.1570281982422,10218887779.7188
Kenya,2008,46.2,4,NA,NA,12529038544.1046
Kenya,2009,44.3,5,NA,NA,11414106939.7042
Kenya,2010,42.4,5,NA,NA,13427982209.4778
Kenya,2011,40.3,5,NA,NA,16287456030.1225
Kenya,2012,39.2,5,NA,NA,17915545050.4912
Kenya,2013,38,5,NA,NA,18296306789.4834
Kenya,2014,36.6,5,NA,78.733039855957,20278669096.0872
Kenya,2015,35.5,5,NA,NA,17669394011.9273
Kuwait,1991,15.3,1,NA,NA,13839254660.5698
Kuwait,1992,14,1,NA,NA,10766871506.4758
Kuwait,1993,13.5,1,NA,NA,10602648675.4967
Kuwait,1994,13.1,1,NA,NA,10518518518.5185
Kuwait,1995,12.7,1,NA,78.3955001831055,11410857908.8472
Kuwait,1996,12.3,1,NA,NA,12341349365.3975
Kuwait,1997,11.9,1,NA,NA,12017804154.3027
Kuwait,1998,11.5,1,NA,NA,13254593175.853
Kuwait,1999,11.1,1,NA,NA,11879106438.8962
Kuwait,2000,10.9,1,NA,NA,11368970013.0378
Kuwait,2001,10.7,1,NA,NA,12399739158.7871
Kuwait,2002,10.6,1,NA,NA,13961829549.1938
Kuwait,2003,10.4,1,NA,NA,16500000000
Kuwait,2004,10.3,1,NA,NA,19246691550.7296
Kuwait,2005,10.1,1,NA,93.2744598388672,22839041095.8904
Kuwait,2006,10,1,NA,93.2821197509766,24541695382.4948
Kuwait,2007,9.8,1,NA,93.664192199707,32463054187.1921
Kuwait,2008,9.7,1,NA,93.8983001708984,38210565476.1905
Kuwait,2009,9.5,1,NA,NA,31129256428.0751
Kuwait,2010,9.2,1,NA,94.4690093994141,35034891835.3105
Kuwait,2011,8.9,1,NA,NA,39891304347.8261
Kuwait,2012,8.5,1,NA,95.5131683349609,45744908896.0343
Kuwait,2013,8.1,1,NA,95.585823059082,46579689703.8082
Kuwait,2014,7.7,1,NA,NA,51278988053.4083
Kuwait,2015,7.3,1,NA,95.6854476928711,51478896643.4031
Latvia,2002,12.8,1,NA,NA,4459957935.42519
Latvia,2003,12.2,1,NA,NA,5717024966.17882
Latvia,2004,11.4,1,NA,NA,7852405359.69819
Latvia,2005,10.7,1,NA,NA,9757172370.87741
Latvia,2006,10.1,1,NA,NA,13006611487.3338
Latvia,2007,9.6,1,NA,NA,17759663520.7222
Latvia,2008,9.1,1,NA,NA,18673335769.6243
Latvia,2009,8.6,1,NA,NA,11573234639.9778
Latvia,2010,8.2,1,NA,NA,13102124010.7903
Latvia,2011,7.8,1,NA,99.8958969116211,17876040111.1419
Latvia,2012,7.6,1,NA,NA,18494488221.7838
Latvia,2013,7.4,1,NA,NA,19316303809.0714
Latvia,2014,7.2,1,NA,NA,19845868386.8274
Latvia,2015,6.9,1,NA,NA,16695260226.326
Lebanon,1984,35,1,NA,NA,NA
Lebanon,1985,33.6,2,NA,NA,NA
Lebanon,1986,32.2,3,NA,NA,NA
Lebanon,1987,30.8,4,NA,NA,NA
Lebanon,1988,29.4,5,NA,NA,NA
Lebanon,1989,28.2,6,NA,NA,2489030212.11525
Lebanon,1990,26.9,14,NA,NA,2836016495.64154
Lebanon,1991,25.8,15,NA,NA,3748853488.53244
Lebanon,1992,24.7,16,NA,NA,4207000159.97291
Lebanon,1993,23.7,17,NA,NA,5334999955.15
Lebanon,1994,22.7,18,NA,NA,5989999912.98137
Lebanon,1995,21.8,19,NA,NA,7304200109.96669
Lebanon,1996,20.8,20,NA,NA,7563885155.91193
Lebanon,1997,19.9,21,NA,NA,7490743747.97012
Lebanon,1998,19,21,NA,NA,7063369152.554
Lebanon,1999,18.1,21,NA,NA,6391244717.62331
Lebanon,2000,17.1,21,NA,NA,6202985074.62687
Lebanon,2001,16.1,21,NA,NA,7051409618.5738
Lebanon,2002,15.1,21,NA,NA,6692537313.43283
Lebanon,2003,14.1,21,NA,NA,7501824212.27197
Lebanon,2004,13.1,21,NA,NA,11832129864.3449
Lebanon,2005,12.1,21,NA,NA,12068415010.0829
Lebanon,2006,11.2,21,NA,NA,12218142061.3599
Lebanon,2007,10.4,21,NA,89.6124420166016,15101534372.4046
Lebanon,2008,9.7,21,NA,NA,19824163540.5638
Lebanon,2009,9.2,21,NA,91.1841888427734,20249317982.2222
Lebanon,2010,8.7,21,NA,NA,23094612058.9055
Lebanon,2011,8.3,21,NA,NA,26262779872.8358
Lebanon,2012,7.9,21,NA,NA,26294002587.131
Lebanon,2013,7.6,21,NA,NA,27906587980.0332
Lebanon,2014,7.3,21,NA,NA,26962653976.0531
Lebanon,2015,7.1,21,NA,NA,24315275422.2222
Lesotho,2000,84.1,1,NA,86.2544326782227,NA
Lesotho,2001,85.2,2,NA,NA,NA
Lesotho,2002,86.3,3,NA,NA,NA
Lesotho,2003,87.3,4,NA,NA,NA
Lesotho,2004,87.9,5,NA,NA,NA
Lesotho,2005,88.1,6,NA,NA,NA
Lesotho,2006,87.5,7,NA,NA,NA
Lesotho,2007,84.3,7,NA,NA,1880617168.64905
Lesotho,2008,84.5,7,NA,NA,1911937309.34973
Lesotho,2009,78.8,7,NA,75.8002014160156,1986901849.25121
Lesotho,2010,75.2,7,NA,NA,2413002180.30206
Lesotho,2011,71.9,7,NA,NA,2632900418.73855
Lesotho,2012,72.3,7,NA,NA,2686142421.15197
Lesotho,2013,71.9,7,NA,NA,2251498990.84898
Lesotho,2014,70.5,7,NA,76.6352005004883,2151612113.22989
Lesotho,2015,69.2,7,NA,NA,2048943837.73288
Liechtenstein,2001,NA,1,NA,NA,NA
Liechtenstein,2002,NA,2,NA,NA,NA
Liechtenstein,2003,NA,3,NA,NA,NA
Liechtenstein,2004,NA,4,NA,NA,NA
Liechtenstein,2005,NA,5,NA,NA,NA
Liechtenstein,2006,NA,6,NA,NA,NA
Liechtenstein,2007,NA,7,NA,NA,NA
Liechtenstein,2008,NA,8,NA,NA,NA
Liechtenstein,2009,NA,9,NA,NA,NA
Liechtenstein,2010,NA,9,NA,NA,NA
Liechtenstein,2011,NA,9,NA,NA,NA
Liechtenstein,2012,NA,9,NA,NA,NA
Liechtenstein,2013,NA,9,NA,NA,NA
Liechtenstein,2014,NA,9,NA,NA,NA
Liechtenstein,2015,NA,9,NA,NA,NA
Malawi,2002,88.8,1,NA,NA,910299895.805214
Malawi,2003,81.6,1,NA,NA,984214280.216538
Malawi,2004,75.5,1,NA,NA,1133832239.10748
Malawi,2005,70.7,1,NA,NA,1437753337.29665
Malawi,2006,67.1,1,NA,NA,1468318218.41214
Malawi,2007,64.5,1,NA,NA,1468752616.69095
Malawi,2008,61.7,1,NA,NA,2091637229.42984
Malawi,2009,59.6,1,NA,NA,1959765493.18573
Malawi,2010,57.5,1,NA,61.3097190856934,2426167893.9069
Malawi,2011,53.8,1,NA,NA,2241976034.32248
Malawi,2012,50.2,1,NA,NA,2512564932.19754
Malawi,2013,47.3,1,NA,NA,2351558270.10052
Malawi,2014,45.1,1,NA,65.1453704833984,2396448729.31199
Malawi,2015,43.4,1,NA,62.1435394287109,2278726548.01045
Mali,2000,116,1,NA,NA,973208000.322483
Mali,2001,112.6,2,NA,NA,1174335576.3715
Mali,2002,108.8,3,NA,NA,1156885512.83939
Mali,2003,104.7,4,NA,24,1545515187.27709
Mali,2004,100.6,5,NA,NA,1722328562.1695
Mali,2005,96.7,6,NA,NA,1945249023.25229
Mali,2006,93.2,7,NA,26.176549911499,2247705912.75386
Mali,2007,90.1,8,NA,NA,2647158117.3576
Mali,2008,87.5,9,NA,NA,3756036384.56267
Mali,2009,85,10,NA,NA,2935591312.15793
Mali,2010,82.9,10,NA,31.0997505187988,3757042067.78453
Mali,2011,81,10,NA,30.6186695098877,4052823342.17507
Mali,2012,79.2,10,NA,NA,3889881698.52711
Mali,2013,77.6,10,NA,NA,5280799757.03584
Mali,2014,75.9,10,NA,NA,5470601101.74984
Mali,2015,74.5,10,NA,33.0688896179199,5188968386.86761
Malta,2002,6.4,1,NA,NA,5028809028.80903
Malta,2003,6.2,2,NA,NA,5830431318.99397
Malta,2004,6.1,3,NA,NA,6353388141.50473
Malta,2005,6,4,NA,92.3630905151367,6830742444.96953
Malta,2006,5.9,5,NA,NA,8570066491.02998
Malta,2007,5.9,6,NA,NA,10163701067.6157
Malta,2008,5.8,7,NA,NA,13351252380.2549
Malta,2009,5.7,8,NA,NA,12727424284.5235
Malta,2010,5.6,8,NA,NA,13488267267.6654
Malta,2011,5.6,8,NA,93.3073577880859,15049251252.784
Malta,2012,5.5,8,NA,NA,14791441089.5542
Malta,2013,5.3,8,NA,NA,15303616018.0635
Malta,2014,5.2,8,NA,NA,15430495017.9354
Malta,2015,5.1,8,NA,NA,15445760124.265
Marshall Islands,2000,33.5,1,NA,NA,116285000
Marshall Islands,2001,33.3,2,NA,NA,114186200
Marshall Islands,2002,33.2,3,NA,NA,98956900
Marshall Islands,2003,33,4,NA,NA,113832200
Marshall Islands,2004,32.7,4,NA,NA,111650000
Marshall Islands,2005,32.5,4,NA,NA,127259900
Marshall Islands,2006,32.4,4,NA,NA,125358700
Marshall Islands,2007,32.2,4,NA,NA,133234000
Marshall Islands,2008,32.1,4,NA,NA,135985600
Marshall Islands,2009,31.9,4,NA,NA,152343400
Marshall Islands,2010,31.8,4,NA,NA,177816700
Marshall Islands,2011,31.6,4,NA,98.2650833129883,174721700
Marshall Islands,2012,31.2,4,NA,NA,182491200
Marshall Islands,2013,30.8,4,NA,NA,200328200
Marshall Islands,2014,30.2,4,NA,NA,181217100
Marshall Islands,2015,29.6,4,NA,NA,168548700
Mauritius,2002,14.2,1,NA,NA,2818319871.83766
Mauritius,2003,13.8,1,NA,NA,3147411429.49304
Mauritius,2004,13.7,1,NA,NA,3627943342.36413
Mauritius,2005,13.8,1,NA,NA,4167180857.19516
Mauritius,2006,14,1,NA,NA,4823089368.33175
Mauritius,2007,14.1,1,NA,NA,5298319904.70625
Mauritius,2008,13.9,1,NA,NA,6435675926.44661
Mauritius,2009,13.6,1,NA,NA,5180852195.57069
Mauritius,2010,13.3,1,NA,NA,6224223957.58891
Mauritius,2011,13.1,1,NA,89.2498397827148,7497875008.70898
Mauritius,2012,12.8,1,NA,91.7660064697266,7667254575.70715
Mauritius,2013,12.6,1,NA,91.4900283813477,7466076465.56835
Mauritius,2014,12.2,1,NA,92.4747619628906,7591504036.36649
Mauritius,2015,11.8,1,NA,92.7076034545898,6681832574.08712
Mexico,2005,16.7,1,NA,91.6302719116211,280628576973.545
Mexico,2006,16.2,2,NA,91.7345199584961,280595105053.582
Mexico,2007,15.8,3,NA,92.7951736450195,308103605534.306
Mexico,2008,15.4,4,NA,92.9255981445313,333835150453.292
Mexico,2009,15,5,NA,93.4418792724609,259328000666.001
Mexico,2010,14.4,5,NA,93.0689392089844,328581153292.181
Mexico,2011,13.8,5,NA,93.5199813842773,382867847673.324
Mexico,2012,13.1,5,NA,94.228401184082,402385300656.821
Mexico,2013,12.5,5,NA,93.9628524780273,413674331349.828
Mexico,2014,11.9,5,NA,94.5558776855469,434739905435.396
Mexico,2015,11.3,5,NA,94.472282409668,428461575941.899
Mongolia,2002,42.5,1,NA,NA,946734020.522735
Mongolia,2003,39.8,1,NA,NA,1083962181.86893
Mongolia,2004,37.3,1,NA,NA,1405234670.28888
Mongolia,2005,34.9,1,NA,NA,1605232631.21152
Mongolia,2006,32.7,1,NA,NA,1826066273.67383
Mongolia,2007,30.6,1,NA,NA,2467564065.06216
Mongolia,2008,28.6,1,NA,NA,3777731776.3995
Mongolia,2009,26.8,1,NA,NA,2637353047.33985
Mongolia,2010,25,1,NA,98.2570037841797,4074354772.60398
Mongolia,2011,23.4,1,NA,NA,7749643979.15854
Mongolia,2012,22.1,1,NA,NA,8115246246.99833
Mongolia,2013,20.9,1,NA,NA,7728160165.09972
Mongolia,2014,19.9,1,NA,NA,6978077038.57121
Mongolia,2015,19,1,NA,NA,5245197251.27406
Montenegro,2006,8.8,1,NA,NA,2107656504.83001
Montenegro,2007,8.2,1,NA,NA,3155958116.61648
Montenegro,2008,7.4,1,NA,NA,4219318880.91402
Montenegro,2009,6.8,1,NA,NA,2707481244.79022
Montenegro,2010,6.3,1,NA,NA,2596760264.90066
Montenegro,2011,5.7,1,NA,98.4422073364258,2918516819.57187
Montenegro,2012,5.3,1,NA,NA,2783478093.28023
Montenegro,2013,4.9,1,NA,NA,2743424093.50511
Montenegro,2014,4.6,1,NA,NA,2755675567.95536
Montenegro,2015,4.3,1,NA,NA,2455975812.71497
Myanmar,1989,80.1,1,NA,NA,NA
Myanmar,1990,78.3,2,NA,NA,NA
Myanmar,1991,76.4,3,NA,NA,NA
Myanmar,1992,74.6,4,NA,NA,NA
Myanmar,1993,72.7,5,NA,NA,NA
Myanmar,1994,70.8,6,NA,NA,NA
Myanmar,1995,69,7,NA,NA,NA
Myanmar,1996,67.3,8,NA,NA,NA
Myanmar,1997,65.6,9,NA,NA,NA
Myanmar,1998,63.9,10,NA,NA,NA
Myanmar,1999,62.3,11,NA,NA,NA
Myanmar,2000,60.7,12,NA,89.9417572021484,55822092.110987
Myanmar,2001,59.2,13,NA,NA,28936974.9931771
Myanmar,2002,57.7,14,NA,NA,15280128.2547127
Myanmar,2003,56.2,15,NA,NA,16579332.4182804
Myanmar,2004,54.7,16,NA,NA,14912668.7848099
Myanmar,2005,53.2,17,NA,NA,11440182.1875086
Myanmar,2006,51.7,18,NA,NA,13175715.9410337
Myanmar,2007,50.2,19,NA,NA,16046272.1018293
Myanmar,2008,53.4,20,NA,NA,21203708.8506465
Myanmar,2009,47.3,21,NA,NA,23880103.285794
Myanmar,2010,45.8,22,NA,NA,7475675574.69153
Myanmar,2011,44.5,23,NA,NA,60518082.1559769
Myanmar,2012,43.2,24,NA,NA,6524981185.85476
Myanmar,2013,41.9,24,NA,NA,11418499287.2454
Myanmar,2014,40.7,24,NA,NA,14508467646.5863
Myanmar,2015,39.5,24,NA,NA,20984282134.0064
Namibia,2002,48.7,1,NA,NA,1615858491.37154
Namibia,2003,48.1,2,NA,NA,2587532010.52256
Namibia,2004,47.1,3,NA,NA,2780114571.88414
Namibia,2005,45.3,4,NA,NA,2927229679.36723
Namibia,2006,44.1,5,NA,NA,3315952743.11452
Namibia,2007,42.7,6,NA,76.4865875244141,4878934184.00659
Namibia,2008,41.3,7,NA,NA,5673632486.80579
Namibia,2009,39.2,8,NA,NA,6491229356.71548
Namibia,2010,37.5,8,NA,NA,6834854617.13709
Namibia,2011,36,8,NA,88.2746276855469,7094428000
Namibia,2012,35.5,8,NA,NA,7845428799.82426
Namibia,2013,34.3,8,NA,NA,7252812278.84842
Namibia,2014,33.4,8,NA,NA,7966506847.79902
Namibia,2015,32.8,8,NA,NA,6988721065.99182
Nauru,2001,32.6,1,NA,NA,NA
Nauru,2002,32.1,2,NA,NA,NA
Nauru,2003,31.7,3,NA,NA,NA
Nauru,2004,31.5,3,NA,NA,NA
Nauru,2005,31.5,3,NA,NA,NA
Nauru,2006,31.7,3,NA,NA,NA
Nauru,2007,32,3,NA,NA,NA
Nauru,2008,32.2,3,NA,NA,NA
Nauru,2009,32.2,3,NA,NA,NA
Nauru,2010,32,3,NA,NA,22901435.7438563
Nauru,2011,31.5,3,NA,NA,44365572.3158829
Nauru,2012,31,3,NA,NA,52588162.5077336
Nauru,2013,30.4,3,NA,NA,73868882.7331487
Nauru,2014,29.7,3,NA,NA,97310199.2105022
Nauru,2015,29.1,3,NA,NA,108994092.68658
Nicaragua,1992,47.1,1,NA,NA,954960000
Nicaragua,1993,45.2,2,NA,NA,840604575.163399
Nicaragua,1994,43.3,3,NA,NA,1002161964.28571
Nicaragua,1995,41.4,4,NA,NA,1157042257.63612
Nicaragua,1996,39.5,4,NA,NA,1362967812.68524
Nicaragua,1997,37.6,4,NA,NA,1693911484.84881
Nicaragua,1998,37,4,NA,NA,1746535063.92871
Nicaragua,1999,34.2,4,NA,NA,2136873488.56901
Nicaragua,2000,32.6,4,NA,NA,2103725752.56107
Nicaragua,2001,31.2,4,NA,76.677131652832,2072738556.06302
Nicaragua,2002,29.8,4,NA,NA,2050197915.78947
Nicaragua,2003,28.6,4,NA,NA,2207225622.3517
Nicaragua,2004,27.4,4,NA,NA,2557900747.0182
Nicaragua,2005,26.3,4,NA,78.0029830932617,2987690324.08431
Nicaragua,2006,25.3,4,NA,NA,3790457978.33894
Nicaragua,2007,24.4,4,NA,NA,4451201994.74212
Nicaragua,2008,23.5,4,NA,NA,5295608587.69661
Nicaragua,2009,22.7,4,NA,NA,4399272351.82772
Nicaragua,2010,22,4,NA,NA,5246155719.12869
Nicaragua,2011,21.3,4,NA,NA,6530281881.70868
Nicaragua,2012,20.6,4,NA,NA,7131020482.70034
Nicaragua,2013,20,4,NA,NA,7223494102.60974
Nicaragua,2014,19.4,4,NA,NA,7329047070.56154
Nicaragua,2015,18.8,4,NA,82.6145477294922,7412975844.55989
Niger,2002,94.1,1,NA,NA,523795054.923455
Niger,2003,90.2,2,NA,NA,680971775.135009
Niger,2004,86.2,3,NA,NA,852298669.581256
Niger,2005,82.3,4,NA,28.672420501709,1048787594.92754
Niger,2006,78.7,5,NA,NA,1076878296.22324
Niger,2007,75.2,6,NA,NA,1284232498.47475
Niger,2008,71.9,7,NA,NA,1928301816.88336
Niger,2009,68.9,8,NA,NA,2528836605.38224
Niger,2010,66.1,8,NA,NA,2809990350.58568
Niger,2011,63.7,8,NA,NA,3066192805.64916
Niger,2012,61.6,8,NA,30.5603904724121,2734144775.47235
Niger,2013,59.8,8,NA,NA,2997572632.18253
Niger,2014,58.4,8,NA,NA,3237513339.88612
Niger,2015,57.1,8,NA,NA,2949969001.33552
Nigeria,1994,124.4,1,NA,NA,3217518984.31523
Nigeria,1995,123.4,2,NA,NA,6773530071.0631
Nigeria,1996,121.9,3,NA,NA,8801910405
Nigeria,1997,119.9,4,NA,NA,12422516649.0017
Nigeria,1998,117.5,5,NA,NA,11540302687.5
Nigeria,1999,114.8,6,NA,NA,7791764870.6222
Nigeria,2000,112,7,NA,NA,9009124610.97787
Nigeria,2001,109,8,NA,NA,15864368093.3334
Nigeria,2002,105.9,9,NA,NA,16020476815.0462
Nigeria,2003,102.9,10,NA,54.7731781005859,23692877634.9921
Nigeria,2004,99.8,11,NA,NA,15878147174.3122
Nigeria,2005,96.6,12,NA,NA,21181013076.4361
Nigeria,2006,93.4,13,NA,70.1983489990234,30812594225.3386
Nigeria,2007,90.3,14,NA,NA,49889888791.7392
Nigeria,2008,87.3,15,NA,51.0776596069336,50982563652.928
Nigeria,2009,84.3,16,NA,NA,50869959017.2577
Nigeria,2010,81.5,16,NA,NA,64169884762.2723
Nigeria,2011,78.8,16,NA,NA,88882647550.136
Nigeria,2012,76.2,16,NA,NA,59653564658.659
Nigeria,2013,73.8,16,NA,NA,66940227587.1012
Nigeria,2014,71.5,16,NA,NA,70778502339.2868
Nigeria,2015,69.4,16,NA,NA,52753934758.4679
Pakistan,1990,106.1,1,NA,NA,8100453419.34278
Pakistan,1991,104.3,2,NA,NA,8434856856.74946
Pakistan,1992,102.5,3,NA,NA,9984100401.52539
Pakistan,1993,100.7,4,NA,NA,11552179554.512
Pakistan,1994,98.9,5,NA,NA,9883119861.97772
Pakistan,1995,97.1,9,NA,NA,11777203672.1098
Pakistan,1996,95.2,10,NA,NA,13567618581.1477
Pakistan,1997,93.3,11,NA,NA,12967591818.8947
Pakistan,1998,91.4,12,NA,42.6993103027344,10900343051.9781
Pakistan,1999,89.5,13,NA,NA,10684436233.8005
Pakistan,2000,87.7,13,NA,NA,10862333897.0766
Pakistan,2001,86,13,NA,NA,11361301958.09
Pakistan,2002,84.4,13,NA,NA,11073075673.9201
Pakistan,2003,82.9,14,NA,NA,13423663991.8047
Pakistan,2004,81.4,15,NA,NA,14337311099.531
Pakistan,2005,80,15,NA,49.8736381530762,21422766419.1275
Pakistan,2006,78.7,16,NA,54.1512107849121,29577339842.2229
Pakistan,2007,77.4,17,NA,52.1368293762207,30135517579.188
Pakistan,2008,76.1,18,NA,55.5263710021973,39478276162.5351
Pakistan,2009,74.8,19,NA,54.8926391601563,33085901223.3386
Pakistan,2010,73.5,20,NA,55.3751907348633,34286260751.8489
Pakistan,2011,72.1,21,NA,54.7380218505859,40524442875.8579
Pakistan,2012,70.6,22,NA,56.7643394470215,45794092923.3504
Pakistan,2013,69.1,23,NA,55.5949897766113,46374225334.6554
Pakistan,2014,67.4,24,NA,56.9771499633789,45594469822.3761
Pakistan,2015,65.8,25,NA,NA,46130526984.1145
Panama,1987,28.1,1,NA,NA,3497613100
Panama,1988,27.2,2,NA,NA,2824846900
Panama,1989,26.4,3,NA,NA,3393593400
Panama,1990,25.7,4,NA,88.7798614501953,4137057400
Panama,1991,25.1,4,NA,NA,5369275600
Panama,1992,24.6,4,NA,NA,6315044100
Panama,1993,24.2,4,NA,NA,6641440500
Panama,1994,23.8,4,NA,NA,7264372200
Panama,1995,23.5,4,NA,NA,7664630500
Panama,1996,23.3,4,NA,NA,8362252100
Panama,1997,23,4,NA,NA,9433963500
Panama,1998,22.7,4,NA,NA,9678913600
Panama,1999,22.3,4,NA,NA,8470864100
Panama,2000,21.9,4,NA,91.8996200561523,8856300400
Panama,2001,21.4,4,NA,NA,8496734500
Panama,2002,20.9,4,NA,NA,8343913600
Panama,2003,20.4,4,NA,NA,8264774200
Panama,2004,19.9,4,NA,NA,9891553000
Panama,2005,19.4,4,NA,NA,11657508000
Panama,2006,19,4,NA,NA,13011610600
Panama,2007,18.5,4,NA,NA,16634663800
Panama,2008,18,4,NA,NA,22290430500
Panama,2009,17.5,4,NA,NA,18755578500
Panama,2010,17,4,NA,94.0941162109375,23031700000
Panama,2011,16.5,4,NA,NA,29225600000
Panama,2012,16,4,NA,NA,33503000000
Panama,2013,15.5,4,NA,NA,33047400000
Panama,2014,15.1,4,NA,NA,31816500000
Panama,2015,14.6,4,NA,NA,28263800000
Paraguay,1995,31.8,1,NA,NA,5100987429.01244
Paraguay,1996,30.9,2,NA,NA,4923048704.54733
Paraguay,1997,30.1,3,NA,NA,4729946871.69974
Paraguay,1998,29.3,3,NA,NA,4349322682.86332
Paraguay,1999,28.5,4,NA,NA,3071972019.70459
Paraguay,2000,27.7,5,NA,NA,3127286332.03781
Paraguay,2001,26.9,6,NA,NA,2715523959.63886
Paraguay,2002,26.1,7,NA,92.8096084594727,2300391879.16575
Paraguay,2003,25.3,8,NA,NA,2613734808.47838
Paraguay,2004,24.6,9,NA,NA,3312407416.82261
Paraguay,2005,23.8,10,NA,NA,4018871464.73617
Paraguay,2006,23.1,11,NA,NA,5162332823.6011
Paraguay,2007,22.4,12,NA,94.558219909668,6361512107.01215
Paraguay,2008,21.7,13,NA,93.2920837402344,8922924417.10435
Paraguay,2009,21,14,NA,93.7542419433594,6959719028.03262
Paraguay,2010,20.4,14,NA,93.8709182739258,10212594702.953
Paraguay,2011,19.8,14,NA,NA,12553181823.5282
Paraguay,2012,19.2,14,NA,94.1974716186523,11876723611.1634
Paraguay,2013,18.6,14,NA,95.0590362548828,12912072694.7892
Paraguay,2014,18.1,14,NA,95.0348129272461,13216597410.1919
Paraguay,2015,17.5,14,NA,95.5548400878906,11396506077.8765
Peru,1994,45.4,1,NA,NA,7249134948.09689
Peru,1995,42.5,1,NA,NA,9770813015.33824
Peru,1996,39.7,2,NA,NA,10132013201.3201
Peru,1997,36.9,3,NA,NA,11043543543.5435
Peru,1998,34.3,4,NA,NA,10684099132.9282
Peru,1999,31.8,4,NA,NA,8937804697.88743
Peru,2000,29.6,4,NA,NA,9712312673.71558
Peru,2001,27.6,4,NA,NA,9606339614.03609
Peru,2002,25.7,5,NA,NA,9845922051.34036
Peru,2003,24.1,6,NA,NA,10929811450.9083
Peru,2004,22.6,7,NA,87.6698532104492,12701974339.4458
Peru,2005,21.3,8,NA,87.9086685180664,15598932265.5989
Peru,2006,20.1,9,NA,88.6993408203125,18835277591.1562
Peru,2007,19,10,NA,89.5908126831055,24690635985.938
Peru,2008,18,11,NA,NA,34605420554.3593
Peru,2009,17.1,12,NA,NA,26182192417.5022
Peru,2010,16.3,12,NA,NA,35180701568.0861
Peru,2011,15.6,12,NA,NA,43774372753.3495
Peru,2012,14.9,12,NA,93.8417282104492,48490294206.8547
Peru,2013,14.2,12,NA,NA,50251304637.4773
Peru,2014,13.6,12,NA,93.7079467773438,48683691440.6481
Peru,2015,13.1,12,NA,94.1623382568359,45316857178.7464
Romania,2002,21.6,1,NA,97.2975921630859,13680350930.2677
Romania,2003,20.6,2,NA,NA,18478885542.1687
Romania,2004,19.5,3,NA,NA,26152373073.5055
Romania,2005,18.2,3,NA,NA,34286508562.9955
Romania,2006,16.7,3,NA,NA,45041616233.5351
Romania,2007,15.3,3,NA,NA,67729155559.2011
Romania,2008,14,3,NA,NA,83624042240.6606
Romania,2009,13,3,NA,NA,56495294001.9021
Romania,2010,12.1,3,NA,NA,64556688379.1183
Romania,2011,11.5,3,NA,98.6042861938477,78586793938.2011
Romania,2012,10.9,3,NA,NA,72815725736.6934
Romania,2013,10.5,3,NA,NA,77623245890.802
Romania,2014,10.1,3,NA,NA,83052699152.0363
Romania,2015,9.7,3,NA,NA,74073919664.4781
Rwanda,2013,34.7,1,NA,NA,2433689123.40173
Rwanda,2014,32.7,1,NA,70.8041305541992,1923390036.42528
Rwanda,2015,31.1,1,NA,NA,2227506586.00649
Samoa,2002,17.5,1,NA,NA,151439161.362785
Samoa,2003,17.1,2,NA,NA,150629650.685364
Samoa,2004,16.8,3,NA,NA,177223283.644762
Samoa,2005,16.5,4,NA,NA,227382909.640999
Samoa,2006,16.4,5,NA,NA,264236822.221423
Samoa,2007,16.2,6,NA,NA,309667927.845295
Samoa,2008,16.1,7,NA,NA,295173247.106875
Samoa,2009,17,8,NA,NA,301333821.590743
Samoa,2010,16,8,NA,NA,345937110.883442
Samoa,2011,16,8,NA,98.973258972168,395919829.10279
Samoa,2012,15.8,8,NA,NA,436751151.673186
Samoa,2013,15.6,8,NA,NA,397646417.786336
Samoa,2014,15.4,8,NA,NA,421521226.212004
Samoa,2015,15,8,NA,NA,391421682.273834
San Marino,2000,4.9,1,NA,NA,NA
San Marino,2001,4.6,2,NA,NA,NA
San Marino,2002,4.3,3,NA,NA,NA
San Marino,2003,4.1,4,NA,NA,NA
San Marino,2004,3.9,5,NA,NA,NA
San Marino,2005,3.7,6,NA,NA,NA
San Marino,2006,3.6,7,NA,NA,NA
San Marino,2007,3.4,8,NA,NA,NA
San Marino,2008,3.3,9,NA,NA,NA
San Marino,2009,3.2,10,NA,NA,NA
San Marino,2010,3.1,10,NA,NA,NA
San Marino,2011,3,10,NA,NA,NA
San Marino,2012,2.9,10,NA,NA,NA
San Marino,2013,2.8,10,NA,NA,NA
San Marino,2014,2.7,10,NA,NA,NA
San Marino,2015,2.6,10,NA,NA,1419394771.21029
Saudi Arabia,1991,32.8,1,NA,NA,48117222963.9519
Saudi Arabia,1992,30.3,1,NA,70.821647644043,49331375166.8892
Saudi Arabia,1993,28.2,1,NA,NA,44483311081.4419
Saudi Arabia,1994,26.4,1,NA,NA,35240587449.9332
Saudi Arabia,1995,24.8,1,NA,NA,39711615487.3164
Saudi Arabia,1996,23.4,1,NA,NA,42253404539.3858
Saudi Arabia,1997,22.1,2,NA,NA,43199465954.6061
Saudi Arabia,1998,21.1,3,NA,NA,38830933333.3333
Saudi Arabia,1999,20.2,4,NA,NA,37485333333.3333
Saudi Arabia,2000,19.4,5,NA,79.3509368896484,46926133333.3333
Saudi Arabia,2001,18.7,6,NA,NA,44058400000
Saudi Arabia,2002,18.2,7,NA,NA,44830400000
Saudi Arabia,2003,17.6,8,NA,NA,51744266666.6667
Saudi Arabia,2004,17.2,10,NA,82.8577423095703,62350400000
Saudi Arabia,2005,16.8,11,NA,NA,81797389981.5858
Saudi Arabia,2006,16.4,12,NA,NA,113494793057.41
Saudi Arabia,2007,16,12,NA,NA,145279252835.223
Saudi Arabia,2008,15.5,12,NA,NA,176684800000
Saudi Arabia,2009,15.1,12,NA,NA,162069066666.667
Saudi Arabia,2010,14.7,12,NA,NA,174202933333.333
Saudi Arabia,2011,14.2,12,NA,NA,197977066666.667
Saudi Arabia,2012,13.8,12,NA,NA,215206018933.333
Saudi Arabia,2013,13.3,12,NA,94.4263381958008,229900800000
Saudi Arabia,2014,12.9,12,NA,NA,255383052346.667
Saudi Arabia,2015,12.5,12,NA,NA,253554611626.667
Senegal,2000,68.5,1,NA,NA,2204811884.18772
Senegal,2001,66.4,2,NA,NA,2331906706.67366
Senegal,2002,63.9,3,NA,39.2752494812012,2631131818.58746
Senegal,2003,61.3,4,NA,NA,3363575396.29625
Senegal,2004,58.8,4,NA,NA,4043461409.83046
Senegal,2005,56.3,4,NA,NA,4676341958.87865
Senegal,2006,54,4,NA,41.8911514282227,5106120395.28
Senegal,2007,51.9,4,NA,NA,5399143024.30296
Senegal,2008,50,4,NA,NA,7018384999.01631
Senegal,2009,48.3,4,NA,48.0367813110352,5273903541.8859
Senegal,2010,46.7,4,NA,NA,5209793241.35302
Senegal,2011,45.3,4,NA,51.8145484924316,6428780902.47907
Senegal,2012,44.1,4,NA,NA,6951785963.66356
Senegal,2013,43.1,4,NA,43.5345001220703,7216282514.09801
Senegal,2014,42.3,4,NA,NA,7258511418.46409
Senegal,2015,41.7,4,NA,NA,6298158510.73313
Sierra Leone,2000,143.3,1,NA,NA,250503322.020936
Sierra Leone,2001,140.5,2,NA,NA,300799536.792287
Sierra Leone,2002,137.7,3,NA,NA,373951405.431158
Sierra Leone,2003,134.6,4,NA,NA,443246731.121428
Sierra Leone,2004,131.4,4,NA,34.826789855957,421775811.646244
Sierra Leone,2005,128.1,4,NA,NA,483591170.019942
Sierra Leone,2006,124.5,4,NA,NA,472171800.540003
Sierra Leone,2007,120.5,4,NA,NA,532971850.529371
Sierra Leone,2008,116.2,4,NA,NA,643759697.04258
Sierra Leone,2009,111.7,4,NA,NA,685540147.386765
Sierra Leone,2010,107,4,NA,NA,888970139.545699
Sierra Leone,2011,102.3,4,NA,NA,1896478864.56106
Sierra Leone,2012,97.9,4,NA,NA,2295138524.33045
Sierra Leone,2013,93.8,4,NA,32.4261703491211,2894443249.83241
Sierra Leone,2014,90.2,4,NA,NA,2629234393.47685
Sierra Leone,2015,87.1,4,NA,NA,2001365444.38534
Slovenia,2001,4.3,1,NA,NA,11020069693.9783
Slovenia,2002,4.1,2,NA,NA,12057382344.1397
Slovenia,2003,3.9,3,NA,NA,15208840217.5171
Slovenia,2004,3.7,3,NA,99.6999969482422,19444956153.4629
Slovenia,2005,3.5,3,NA,NA,21887253575.4259
Slovenia,2006,3.3,3,NA,NA,25630375737.0468
Slovenia,2007,3.2,3,NA,NA,33233888584.7249
Slovenia,2008,3,3,NA,NA,38008065621.7958
Slovenia,2009,2.8,3,NA,NA,28134379272.02
Slovenia,2010,2.7,3,NA,NA,30445932973.1529
Slovenia,2011,2.6,3,NA,NA,35562139668.336
Slovenia,2012,2.4,3,NA,NA,32370084187.0804
Slovenia,2013,2.3,3,NA,NA,33658620794.9074
Slovenia,2014,2.2,3,NA,99.6999969482422,34650900285.3525
Slovenia,2015,2.1,3,NA,NA,29795638642.6827
Somalia,2013,90.1,1,NA,NA,NA
Somalia,2014,87.4,1,NA,NA,NA
Somalia,2015,85,1,NA,NA,NA
South Africa,2000,54,1,NA,NA,33107014894.941
South Africa,2001,54.5,2,NA,NA,30897295915.9968
South Africa,2002,54.7,3,NA,NA,32316354701.3007
South Africa,2003,54.1,4,NA,NA,42967335122.3446
South Africa,2004,52.8,5,NA,NA,58544050033.2833
South Africa,2005,51.5,6,NA,NA,68831632412.3724
South Africa,2006,50,7,NA,NA,84217086317.6549
South Africa,2007,48.6,8,NA,88.7172470092773,97337695517.6427
South Africa,2008,46.6,9,NA,NA,106801554253.619
South Africa,2009,41.1,10,NA,92.8948593139648,81401394904.2331
South Africa,2010,38.2,10,NA,92.8773193359375,102747227230.509
South Africa,2011,37.1,10,NA,93.1021423339844,123475231025.602
South Africa,2012,36.8,10,NA,93.7294692993164,123559970279.784
South Africa,2013,35.3,10,NA,NA,122045674110.381
South Africa,2014,34.4,10,NA,94.1399002075195,115678696654.494
South Africa,2015,33.6,10,NA,94.367919921875,99936709357.1333
Sri Lanka,2008,10.2,1,NA,90.5579528808594,15686037044.7635
Sri Lanka,2009,9.7,2,NA,NA,11703147945.7966
Sri Lanka,2010,9.4,3,NA,91.1813583374023,15209062084.0317
Sri Lanka,2011,9.1,4,NA,NA,22256822218.926
Sri Lanka,2012,8.9,5,NA,NA,21677008606.3538
Sri Lanka,2013,8.7,6,NA,NA,21505636520.0009
Sri Lanka,2014,8.6,7,NA,NA,23142023456.5698
Sri Lanka,2015,8.4,8,NA,NA,23008993742.6807
St. Vincent and the Grenadines,2002,19.2,1,NA,NA,214818888.888889
St. Vincent and the Grenadines,2003,19.2,2,NA,NA,241392481.481481
St. Vincent and the Grenadines,2004,19.1,3,NA,NA,272195888.888889
St. Vincent and the Grenadines,2005,19.2,4,NA,NA,291193481.481481
St. Vincent and the Grenadines,2006,19.2,5,NA,NA,325853296.296296
St. Vincent and the Grenadines,2007,19.2,6,NA,NA,402115666.666667
St. Vincent and the Grenadines,2008,19,7,NA,NA,430817222.222222
St. Vincent and the Grenadines,2009,18.8,8,NA,NA,388043629.62963
St. Vincent and the Grenadines,2010,18.6,8,NA,NA,389200000
St. Vincent and the Grenadines,2011,18.2,8,NA,NA,376600000
St. Vincent and the Grenadines,2012,17.8,8,NA,NA,402100000
St. Vincent and the Grenadines,2013,17.4,8,NA,NA,NA
St. Vincent and the Grenadines,2014,17,8,NA,NA,NA
St. Vincent and the Grenadines,2015,16.6,8,NA,NA,NA
Sudan,1997,72.3,1,NA,NA,1461937107.31738
Sudan,1998,70.9,2,NA,NA,1707017031.87251
Sudan,1999,69.4,3,NA,NA,1808999881.21164
Sudan,2000,67.8,4,NA,61.3458709716797,1644905997.19975
Sudan,2001,66.2,5,NA,NA,1686823734.05489
Sudan,2002,64.6,6,NA,NA,2578329193.72603
Sudan,2003,63,7,NA,NA,3029863859.29956
Sudan,2004,61.4,8,NA,NA,4298436082.35431
Sudan,2005,59.9,9,NA,NA,7533463158.32683
Sudan,2006,58.5,10,NA,NA,9554284641.95257
Sudan,2007,57.1,11,NA,NA,10403689995.5359
Sudan,2008,55.8,12,NA,53.5173797607422,10681493302.0764
Sudan,2009,54.5,13,NA,NA,9990560728.5796
Sudan,2010,53.3,14,NA,NA,10150422751.7294
Sudan,2011,52.2,15,NA,NA,9989480040.68142
Sudan,2012,51.1,16,NA,NA,8179796228.05116
Sudan,2013,49.9,17,NA,NA,8594880431.12159
Sudan,2014,48.8,18,NA,NA,7344719726.61633
Sudan,2015,47.6,19,NA,NA,8111899876.37485
Sweden,2001,3.4,1,NA,NA,91304566709.5875
Sweden,2002,3.3,2,NA,NA,95989771081.7389
Sweden,2003,3.2,3,NA,NA,116750182407.281
Sweden,2004,3.1,4,NA,NA,138259331328.498
Sweden,2005,3,5,NA,NA,151929587453.667
Sweden,2006,2.8,6,NA,NA,172232793906.373
Sweden,2007,2.7,7,NA,NA,204124400781.204
Sweden,2008,2.6,8,NA,NA,225084280317.398
Sweden,2009,2.5,9,NA,NA,166123624866.08
Sweden,2010,2.5,9,NA,NA,196190670652.162
Sweden,2011,2.4,9,NA,NA,232621994257.886
Sweden,2012,2.4,9,NA,NA,222400808657.397
Sweden,2013,2.4,9,NA,NA,224695020933.209
Sweden,2014,2.4,9,NA,NA,230849822578.612
Sweden,2015,2.4,9,NA,NA,201824555274.655
Switzerland,2001,4.7,1,NA,NA,126148528857.549
Switzerland,2002,4.6,2,NA,NA,127246262543.308
Switzerland,2003,4.4,3,NA,NA,146182464914.235
Switzerland,2004,4.4,4,NA,NA,167604367832.73
Switzerland,2005,4.3,5,NA,NA,190201338178.606
Switzerland,2006,4.2,6,NA,NA,206957086217.898
Switzerland,2007,4.1,7,NA,NA,239991125624.792
Switzerland,2008,4,8,NA,NA,288924445018.927
Switzerland,2009,3.9,9,NA,NA,269127172134.914
Switzerland,2010,3.9,9,NA,NA,311077560877.349
Switzerland,2011,3.8,9,NA,NA,398974964179.191
Switzerland,2012,3.7,9,NA,NA,378438382206.726
Switzerland,2013,3.6,9,NA,NA,412218525459.393
Switzerland,2014,3.5,9,NA,NA,372933612544.604
Switzerland,2015,3.4,9,NA,NA,343410804203.077
Tajikistan,2000,74.3,1,NA,99.45068359375,762413909.357993
Tajikistan,2001,69.7,2,NA,NA,848579377.792766
Tajikistan,2002,65.3,3,NA,NA,926522195.289606
Tajikistan,2003,61,4,NA,NA,1146860913.30764
Tajikistan,2004,57.3,4,NA,NA,1444874600.23565
Tajikistan,2005,54.1,4,NA,NA,1682281973.94597
Tajikistan,2006,51.4,4,NA,NA,2349017705.55421
Tajikistan,2007,49.2,4,NA,NA,3707189542.48366
Tajikistan,2008,47.4,4,NA,NA,4153088291.01933
Tajikistan,2009,46,4,NA,NA,3062736862.43271
Tajikistan,2010,44.7,4,NA,NA,3303722311.02992
Tajikistan,2011,43.3,4,NA,NA,4131274131.27413
Tajikistan,2012,42.1,4,NA,NA,5030077885.894
Tajikistan,2013,40.9,4,NA,NA,5124470005.45737
Tajikistan,2014,39.7,4,NA,99.8000030517578,4140473104.34219
Tajikistan,2015,38.5,4,NA,NA,3317810841.94642
Tanzania,2002,71.4,1,NA,69.4309005737305,1868591542.18345
Tanzania,2003,67,2,NA,NA,2336989595.14416
Tanzania,2004,62.7,3,NA,NA,2927990514.02746
Tanzania,2005,58.7,4,NA,NA,3675376181.71192
Tanzania,2006,55.2,5,NA,NA,4541767353.94201
Tanzania,2007,51.5,6,NA,NA,6165940956.62333
Tanzania,2008,48.3,7,NA,NA,8259952207.26673
Tanzania,2009,45.6,8,NA,NA,7368748906.69403
Tanzania,2010,42.4,8,NA,67.8006973266602,8974526067.2119
Tanzania,2011,40.4,8,NA,NA,11967748602.0911
Tanzania,2012,38.8,8,NA,78.1005935668945,12687185275.9881
Tanzania,2013,37.6,8,NA,NA,13529848054.6971
Tanzania,2014,36.2,8,NA,NA,13633798317.78
Tanzania,2015,35.2,8,NA,77.8872299194336,11206350524.1311
Thailand,1991,28.8,1,NA,NA,41756450652.1194
Thailand,1992,27.3,1,NA,NA,45675804425.9668
Thailand,1993,26,1,NA,NA,52752887091.4232
Thailand,1994,24.8,1,NA,NA,63083936381.7098
Thailand,1995,23.7,1,NA,NA,81632698111.9959
Thailand,1996,22.7,1,NA,NA,82833873265.2795
Thailand,1997,21.7,1,NA,NA,70306654380.9363
Thailand,1998,20.8,1,NA,NA,48088366852.5172
Thailand,1999,19.9,1,NA,NA,56073539484.3668
Thailand,2000,19.1,1,NA,92.6465377807617,71358153959.6827
Thailand,2001,18.3,1,NA,NA,68589774463.8424
Thailand,2002,17.5,1,NA,NA,72957581569.8753
Thailand,2003,16.7,1,NA,NA,84013658080.3479
Thailand,2004,16,1,NA,NA,106227176896.456
Thailand,2005,15.3,1,NA,93.5064697265625,131483909786.4
Thailand,2006,14.6,1,NA,NA,145055593685.655
Thailand,2007,14,1,NA,NA,160397413538.365
Thailand,2008,13.4,1,NA,NA,201114269676.075
Thailand,2009,12.9,1,NA,NA,154464093006.434
Thailand,2010,12.5,1,NA,96.430908203125,207270125009.073
Thailand,2011,12,1,NA,NA,255199578901.8
Thailand,2012,11.6,1,NA,NA,273216731921.848
Thailand,2013,11.2,1,NA,93.7020721435547,274440311137.148
Thailand,2014,10.9,1,NA,NA,254633433703.41
Thailand,2015,10.5,1,NA,92.8683090209961,229553488263.445
Trinidad and Tobago,2000,25.3,1,NA,97.9000015258789,NA
Trinidad and Tobago,2001,25.3,2,NA,NA,NA
Trinidad and Tobago,2002,25.1,3,NA,NA,NA
Trinidad and Tobago,2003,24.7,4,NA,NA,NA
Trinidad and Tobago,2004,24.3,5,NA,NA,NA
Trinidad and Tobago,2005,23.8,6,NA,NA,NA
Trinidad and Tobago,2006,23.3,7,NA,NA,NA
Trinidad and Tobago,2007,22.8,8,NA,NA,NA
Trinidad and Tobago,2008,22.2,9,NA,NA,NA
Trinidad and Tobago,2009,21.6,10,NA,NA,NA
Trinidad and Tobago,2010,21,10,NA,98.6999969482422,NA
Trinidad and Tobago,2011,20.4,10,NA,NA,NA
Trinidad and Tobago,2012,19.7,10,NA,NA,NA
Trinidad and Tobago,2013,19.2,10,NA,NA,NA
Trinidad and Tobago,2014,18.7,10,NA,NA,NA
Trinidad and Tobago,2015,18.2,10,NA,NA,NA
Turkey,1996,40.8,1,NA,NA,50498579852.5798
Turkey,1997,38.5,1,NA,NA,57688103357.472
Turkey,1998,36.3,1,NA,NA,54343007288.0706
Turkey,1999,34.2,1,NA,NA,48167046322.8271
Turkey,2000,32.1,1,NA,NA,61561836212.412
Turkey,2001,30.2,1,NA,NA,45699315437.3368
Turkey,2002,28.3,1,NA,NA,54838097797.2399
Turkey,2003,26.5,1,NA,NA,72836672663.0688
Turkey,2004,24.8,1,NA,87.3654937744141,102691164503.683
Turkey,2005,23.2,1,NA,88.2290573120117,122442651086.633
Turkey,2006,21.7,1,NA,88.1193923950195,146412847742.387
Turkey,2007,20.2,1,NA,88.6558990478516,176168948499.501
Turkey,2008,18.9,1,NA,NA,206982593930.081
Turkey,2009,17.6,1,NA,90.8167190551758,150580156774.194
Turkey,2010,16.4,1,NA,92.6605987548828,196452157971.786
Turkey,2011,15.3,1,NA,94.106086730957,253091637611.94
Turkey,2012,14.2,1,NA,94.9197463989258,249766156458.797
Turkey,2013,13.2,1,NA,95.2566604614258,266904347095.283
Turkey,2014,12.3,2,NA,95.4396286010742,258300251770.619
Turkey,2015,11.6,3,NA,95.6014175415039,223151125000
Uganda,2002,81.6,1,NA,68.1425094604492,1548626997.46546
Uganda,2003,76.9,1,NA,NA,1596784201.20995
Uganda,2004,72.2,1,NA,NA,1807481101.18727
Uganda,2005,67.6,1,NA,NA,2236745637.83951
Uganda,2006,63.4,1,NA,71.3731384277344,2819509192.31688
Uganda,2007,59.2,1,NA,NA,3694279138.37478
Uganda,2008,55.4,1,NA,NA,4553373857.00284
Uganda,2009,52.3,1,NA,NA,7148939023.82281
Uganda,2010,49.5,1,NA,73.2118835449219,6520259800.41316
Uganda,2011,46.3,1,NA,NA,7497534908.54689
Uganda,2012,42.5,1,NA,70.1982192993164,7648498513.7527
Uganda,2013,41.6,1,NA,NA,7690477177.66994
Uganda,2014,39.1,1,NA,NA,6870189732.11304
Uganda,2015,37.7,1,NA,NA,8035899316.58179
Ukraine,2001,15.1,1,NA,99.4304122924805,19550082835.3903
Ukraine,2002,14.3,5,NA,NA,20538054293.5456
Ukraine,2003,13.6,5,NA,NA,26431263712.5659
Ukraine,2004,13,5,NA,NA,34689415303.6285
Ukraine,2005,12.5,5,NA,NA,41678927546.9784
Ukraine,2006,12,5,NA,NA,50931089108.9109
Ukraine,2007,11.6,5,NA,NA,68937623762.3763
Ukraine,2008,11.1,5,NA,NA,94431006986.6343
Ukraine,2009,10.6,5,NA,NA,53817383714.9605
Ukraine,2010,10.1,5,NA,NA,69484601038.3588
Ukraine,2011,9.6,5,NA,NA,92063607610.8238
Ukraine,2012,9.1,5,NA,99.9743499755859,99091978475.7853
Ukraine,2013,8.6,5,NA,NA,95674965594.8955
Ukraine,2014,8.1,5,NA,NA,69553702878.0065
Ukraine,2015,7.7,5,NA,NA,50257224864.6125
Uruguay,2002,13.7,1,NA,NA,2640666128.80463
Uruguay,2003,13.3,2,NA,NA,2930314108.76786
Uruguay,2004,12.8,3,NA,NA,4018907625.47119
Uruguay,2005,12.4,4,NA,NA,4943843928.98287
Uruguay,2006,12,5,NA,97.7896270751953,6201611238.96085
Uruguay,2007,11.5,6,NA,97.8638916015625,7051255251.16101
Uruguay,2008,11.2,7,NA,98.1635589599609,10629714453.4662
Uruguay,2009,11,8,NA,98.2672271728516,8325301045.72847
Uruguay,2010,10.6,8,NA,98.0727081298828,10214550358.188
Uruguay,2011,10.3,8,NA,98.3358993530273,12865868997.9393
Uruguay,2012,10,8,NA,98.3959426879883,14939224936.7325
Uruguay,2013,9.5,8,NA,98.3638687133789,15167942836.4971
Uruguay,2014,9.1,8,NA,98.4359283447266,14620918050.4173
Uruguay,2015,8.7,8,NA,98.5238723754883,12173386052.0942
Uzbekistan,2006,44.6,1,NA,NA,5365211006.46474
Uzbekistan,2007,43.3,2,NA,NA,7751706398.20179
Uzbekistan,2008,42,3,NA,NA,11400016681.832
Uzbekistan,2009,40.8,4,NA,NA,11457877212.3743
Uzbekistan,2010,39.6,4,NA,NA,9216063086.46529
Uzbekistan,2011,38.4,4,NA,NA,11343212358.7357
Uzbekistan,2012,37.2,4,NA,NA,12802232948.4479
Uzbekistan,2013,36.1,4,NA,99.9948577880859,13957026160.2868
Uzbekistan,2014,35,4,NA,99.9805526733398,13964534254.8137
Uzbekistan,2015,33.9,4,NA,99.9838333129883,12366335626.595
Vietnam,2004,23.2,1,NA,NA,33292010669.3764
Vietnam,2005,22.6,2,NA,NA,38623129914.0376
Vietnam,2006,22,3,NA,NA,46856276474.358
Vietnam,2007,21.4,3,NA,NA,65095862341.9564
Vietnam,2008,20.8,3,NA,NA,83250410219.4482
Vietnam,2009,20.3,3,NA,93.5204467773438,76433848992.6973
Vietnam,2010,19.8,3,NA,NA,92994667514.9521
Vietnam,2011,19.3,3,NA,NA,113207523251.137
Vietnam,2012,18.8,3,NA,NA,119241741885.923
Vietnam,2013,18.3,3,NA,NA,139491323458.917
Vietnam,2014,17.8,3,NA,NA,154791469642.519
Vietnam,2015,17.3,3,NA,NA,171961718750.27
Zambia,1996,106.1,1,NA,NA,1271350442.91746
Zambia,1997,104.6,2,NA,NA,1329783187.52377
Zambia,1998,103.1,3,NA,NA,1119059126.79233
Zambia,1999,100.9,4,NA,68.0017929077148,1182328266.33166
Zambia,2000,97.6,4,NA,NA,1312938954.60975
Zambia,2001,92.7,4,NA,NA,1619718685.09236
Zambia,2002,86.5,4,NA,69.1492233276367,1584553107.80703
Zambia,2003,80,4,NA,NA,1795489024.5706
Zambia,2004,73.9,4,NA,NA,2318788047.45862
Zambia,2005,68.7,4,NA,NA,2632001949.14305
Zambia,2006,64.9,4,NA,NA,3222874996.53076
Zambia,2007,61.3,4,NA,61.1270904541016,4523566396.0025
Zambia,2008,58.7,4,NA,NA,5469175507.91574
Zambia,2009,55.6,4,NA,NA,4118784328.49131
Zambia,2010,52.9,4,NA,83.0076675415039,6256988597.27752
Zambia,2011,51.1,4,NA,NA,8385253152.83807
Zambia,2012,49,4,NA,NA,9950731451.44056
Zambia,2013,46.5,4,NA,NA,12372097333.1604
Zambia,2014,44.7,4,NA,NA,11197227278.6374
Zambia,2015,43.3,4,NA,NA,10021732079.1437
